1,620013.154,4202083.403,65.117,35.586,1
2,620013.494,4202083.263,66.328,37.266,1
3,620013.746,4202083.796,54.922,23.32,1
4,620016.1,4202083.447,60.273,27.109,1
5,620020.247,4202083.304,68.516,33.008,1
6,620023.066,4202083.582,66.953,30.625,1
7,620026.724,4202083.705,66.602,31.328,1
8,620030.116,4202083.398,56.445,22.891,1
9,620032.47,4202083.65,52.422,20.117,1
10,620036.072,4202084.071,58.789,25,1
11,620037.728,4202083.557,61.797,42.148,1
12,620037.859,4202083.396,66.367,49.063,1
13,620038.576,4202083.57,51.484,20.547,1
14,620042.525,4202083.648,52.109,22.031,1
15,620046.534,4202083.81,55.234,22.852,1
16,620050.382,4202083.731,50.742,19.063,1
17,620053.783,4202083.702,52.695,20.156,1
18,620057.546,4202083.558,45.82,17.07,1
19,620061.789,4202083.806,47.305,16.563,1
20,620065.666,4202083.962,47.461,15.508,1
21,620069.393,4202084.076,47.383,16.602,1
22,620073.693,4202083.895,49.805,18.477,1
23,620077.622,4202083.797,47.422,16.367,1
24,620081.443,4202083.861,45.664,14.766,1
25,620085.385,4202083.8,42.734,12.969,1
26,620086.995,4202083.699,45.156,19.219,1
27,620088.636,4202084.074,40.742,15,1
28,620088.213,4202083.954,38.32,12.773,1
29,620090.543,4202083.811,42.031,14.57,1
30,620094.205,4202083.831,43.047,15.703,1
31,620097.93,4202083.742,44.297,16.094,1
32,620101.065,4202083.881,46.953,16.211,1
33,620103.77,4202083.94,47.109,17.93,1
34,620107.812,4202083.617,43.75,11.914,1
35,620111.196,4202083.733,41.875,10.977,1
36,620114.603,4202083.813,50.313,18.242,1
37,620118.447,4202083.955,46.953,18.125,1
38,620122.355,4202083.814,45.781,17.422,1
39,620126.322,4202083.716,41.211,13.867,1
40,620130.302,4202083.996,38.008,12.539,1
41,620134.455,4202084.011,34.648,10.313,1
42,620138.199,4202083.778,37.734,10.859,1
43,620142.376,4202084.024,39.57,12.148,1
44,620144.858,4202083.964,38.906,13.281,1
45,620148.668,4202084.108,37.422,9.531,1
46,620153.02,4202084.056,36.523,10.586,1
47,620156.799,4202084.173,37.227,10.977,1
48,620160.741,4202084.228,40.586,12.891,1
49,620164.592,4202084.308,38.867,12.93,1
50,620168.265,4202084.666,38.945,15.117,1
51,620172.452,4202084.519,42.383,14.727,1
52,620176.735,4202084.465,40.898,13.75,1
53,620180.625,4202084.379,43.164,15.234,1
54,620185.08,4202084.332,40.078,13.281,1
55,620189.245,4202084.32,41.016,15.469,1
56,620193.736,4202084.361,43.867,13.477,1
57,620197.902,4202084.234,48.32,16.68,1
58,620202.271,4202084.126,48.281,17.93,1
59,620206.225,4202084.198,47.539,17.188,1
60,620210.395,4202084.461,52.93,19.023,1
61,620214.541,4202084.592,54.297,22.227,1
62,620218.769,4202084.419,53.516,20.078,1
63,620223.165,4202084.523,53.75,21.094,1
64,620227.295,4202084.475,50.781,18.672,1
65,620231.601,4202084.352,54.375,21.953,1
66,620236.021,4202084.46,46.133,16.211,1
67,620240.164,4202084.467,45.898,16.758,1
68,620244.289,4202084.215,44.766,15.625,1
69,620248.701,4202084.534,46.953,18.789,1
70,620253.01,4202084.564,49.297,18.672,1
71,620257.184,4202084.423,50.664,19.336,1
72,620261.167,4202084.235,49.141,19.961,1
73,620264.607,4202084.207,50.078,20,1
74,620268.439,4202084.388,51.992,23.398,1
75,620272.158,4202084.486,47.305,16.641,1
76,620276.576,4202084.599,45.391,16.367,1
77,620280.419,4202084.702,48.516,18.203,1
78,620284.438,4202084.283,46.406,17.109,1
79,620288.691,4202084.201,44.023,15.664,1
80,620292.702,4202084.238,39.57,12.5,1
81,620296.449,4202084.581,45.898,17.539,1
82,620300.656,4202084.584,45.938,17.891,1
83,620305.161,4202084.127,44.219,16.719,1
84,620309.337,4202084.525,51.797,22.188,1
85,620313.399,4202084.515,47.734,19.063,1
86,620317.596,4202084.353,41.016,14.609,1
87,620321.788,4202084.765,43.086,16.523,1
88,620326.054,4202084.631,40.313,15.078,1
89,620330.435,4202084.51,38.086,11.797,1
90,620334.415,4202084.731,33.828,7.266,1
91,620338.742,4202084.743,36.211,9.063,1
92,620343.115,4202084.404,36.719,6.289,1
93,620347.088,4202084.795,32.656,6.602,1
94,620351.911,4202084.615,35.664,7.031,1
95,620356.341,4202084.667,33.477,7.734,1
96,620360.111,4202085.051,33.047,5.898,1
97,620364.196,4202085.08,35.273,6.797,1
98,620368.706,4202085.122,35.508,7.656,1
99,620372.722,4202084.777,36.758,8.086,1
100,620377.14,4202084.872,40.742,8.086,1
101,620381.455,4202084.846,40.195,8.438,1
102,620385.67,4202085.117,40.078,10.43,1
103,620389.9,4202084.974,40.625,11.406,1
104,620393.847,4202085.008,36.641,10.938,1
105,620398.062,4202085.19,33.047,8.594,1
106,620401.858,4202084.893,26.445,7.188,1
107,620405.823,4202085.057,22.617,2.813,1
108,620409.858,4202085.182,20.664,1.68,1
109,620414.041,4202085.122,20.156,1.953,1
110,620418.218,4202085.042,19.531,0.898,1
111,620421.771,4202084.966,20.664,1.094,1
112,620425.725,4202085.106,23.789,4.453,1
113,620429.698,4202084.916,25.938,3.984,1
114,620434.07,4202085.279,25.078,4.414,1
115,620438.019,4202084.971,24.375,3.398,1
116,620440.956,4202083.45,29.18,5.703,1
117,620441.971,4202079.94,34.18,10.117,1
118,620442.559,4202076.36,30.234,5.508,1
119,620443.176,4202073.272,31.992,6.68,2
120,620439.656,4202072.299,28.398,5.625,2
121,620435.865,4202071.9,27.773,5.586,2
122,620432.527,4202072.121,27.93,4.766,2
123,620429.188,4202072.008,29.57,5.625,2
124,620425.387,4202071.644,27.383,4.023,2
125,620424.465,4202071.846,31.523,14.375,2
126,620424.092,4202071.857,31.055,15.078,2
127,620423.874,4202071.845,28.008,2.891,2
128,620420.931,4202072.343,28.047,4.727,2
129,620417.236,4202072.047,25.508,4.258,2
130,620413.579,4202072.085,26.758,3.789,2
131,620409.546,4202072.108,26.055,2.461,2
132,620405.337,4202072.031,25,1.367,2
133,620400.726,4202071.87,25.859,2.461,2
134,620396.538,4202071.828,27.656,4.141,2
135,620392.087,4202071.476,28.984,5.898,2
136,620387.933,4202071.966,27.109,2.773,2
137,620383.419,4202071.802,27.383,2.93,2
138,620379.092,4202071.815,29.141,3.32,2
139,620374.662,4202071.389,27.5,4.023,2
140,620370.739,4202071.707,27.813,4.258,2
141,620366.487,4202071.347,27.695,3.32,2
142,620362.066,4202071.062,28.555,6.055,2
143,620357.673,4202071.534,27.305,6.328,2
144,620353.422,4202071.643,27.227,3.984,2
145,620349.524,4202071.452,26.758,4.336,2
146,620345.118,4202071.563,28.555,4.336,2
147,620340.67,4202071.625,26.992,3.789,2
148,620336.452,4202071.693,25.625,4.57,2
149,620332.067,4202071.737,25.625,3.477,2
150,620327.502,4202071.491,28.945,6.719,2
151,620322.881,4202071.345,33.359,10.156,2
152,620318.782,4202072.041,40.039,13.672,2
153,620314.159,4202071.127,49.219,19.688,2
154,620309.443,4202070.891,51.016,19.727,2
155,620305.115,4202070.848,51.563,20.313,2
156,620300.744,4202071.373,55.039,23.164,2
157,620296.301,4202071.342,55.586,24.18,2
158,620293.194,4202071.153,52.617,18.828,2
159,620293.219,4202071.485,68.633,35.547,2
160,620291.122,4202071.495,47.344,14.336,2
161,620287.154,4202070.887,44.297,11.445,2
162,620282.869,4202071.21,45.547,16.289,2
163,620278.754,4202071.324,43.086,13.75,2
164,620274.749,4202070.976,45.391,14.648,2
165,620270.291,4202071.009,40.977,11.641,2
166,620266.023,4202071.345,42.188,12.227,2
167,620262.755,4202071.146,45.039,13.516,2
168,620258.893,4202071.061,47.5,16.641,2
169,620254.738,4202071.183,48.32,17.813,2
170,620250.607,4202071.132,53.359,20.078,2
171,620246.57,4202070.664,55.859,23.047,2
172,620242.412,4202070.984,56.367,22.266,2
173,620237.618,4202071.179,50.039,19.961,2
174,620233.315,4202070.83,50.391,19.023,2
175,620229.004,4202070.865,50.781,19.414,2
176,620224.568,4202071.099,48.281,17.852,2
177,620220.163,4202071.257,49.727,18.086,2
178,620215.616,4202071.062,49.961,16.523,2
179,620211.619,4202071.155,48.477,18.164,2
180,620207.15,4202070.973,44.844,14.375,2
181,620203.06,4202071.239,40.664,12.031,2
182,620198.691,4202071.088,39.141,11.484,2
183,620194.234,4202070.733,36.719,9.57,2
184,620189.939,4202070.92,37.93,10.625,2
185,620185.543,4202070.884,37.695,8.516,2
186,620181.378,4202070.771,37.227,10.586,2
187,620177.574,4202070.66,35.313,9.063,2
188,620173.137,4202070.523,33.945,9.688,2
189,620168.686,4202070.639,38.32,11.484,2
190,620164.269,4202070.528,35.195,9.336,2
191,620161.065,4202070.479,34.961,7.969,2
192,620156.87,4202070.682,35.898,9.648,2
193,620152.92,4202070.453,36.992,10.742,2
194,620148.867,4202070.372,37.813,10.195,2
195,620144.403,4202070.157,35.43,7.188,2
196,620140.247,4202070.217,35.586,8.789,2
197,620135.85,4202070.291,35.703,7.891,2
198,620131.427,4202070.316,38.555,9.727,2
199,620126.909,4202070.261,38.398,8.945,2
200,620123.284,4202070.08,39.766,10.117,2
201,620119.316,4202070.188,40.703,11.602,2
202,620115.357,4202070.352,40.391,11.172,2
203,620111.06,4202070.216,42.227,12.227,2
204,620106.718,4202070.445,40,10.781,2
205,620102.66,4202070.688,39.492,9.57,2
206,620098.835,4202070.246,42.07,9.414,2
207,620094.788,4202070.202,43.32,13.125,2
208,620090.603,4202070.106,43.477,12.266,2
209,620086.18,4202070.246,38.516,9.922,2
210,620081.967,4202070.176,36.719,7.422,2
211,620077.701,4202070.239,40.273,6.758,2
212,620073.517,4202070.042,40.039,9.492,2
213,620069.314,4202070.374,37.383,6.953,2
214,620064.931,4202070.06,38.281,7.656,2
215,620060.716,4202070.357,42.578,9.766,2
216,620056.45,4202070.404,43.438,12.695,2
217,620052.427,4202070.327,39.297,9.219,2
218,620047.724,4202070.28,38.438,9.336,2
219,620043.762,4202069.973,39.453,9.922,2
220,620039.573,4202070.049,40.781,11.094,2
221,620035.758,4202070.117,43.867,13.125,2
222,620031.249,4202070.227,46.563,13.867,2
223,620027.197,4202070.306,48.32,16.914,2
224,620023.024,4202070.376,49.844,14.844,2
225,620018.549,4202069.971,52.539,16.68,2
226,620014.583,4202069.837,56.758,20.234,2
227,620011.717,4202068.75,44.57,10.859,2
228,620011.629,4202065.286,49.375,14.531,2
229,620011.1,4202060.677,47.188,13.125,2
230,620011.043,4202057.429,52.227,15.938,2
231,620010.888,4202051.749,52.266,15.195,2
232,620010.89,4202047.638,49.844,13.594,2
233,620010.796,4202044.153,49.648,14.023,2
234,620010.641,4202040.076,50.117,15.039,2
235,620011.681,4202037.358,53.945,17.695,3
236,620015.811,4202037.832,48.516,16.016,3
237,620020.205,4202037.736,47.539,13.594,3
238,620024.687,4202037.52,45.938,14.219,3
239,620028.769,4202037.634,44.961,14.102,3
240,620033.521,4202037.624,45.703,16.094,3
241,620037.938,4202037.815,44.922,13.047,3
242,620042.408,4202037.821,43.555,12.813,3
243,620046.436,4202037.525,45.391,13.945,3
244,620051.013,4202037.518,48.242,15.664,3
245,620055.852,4202037.547,45.664,13.789,3
246,620060.268,4202037.824,44.805,10.859,3
247,620065.179,4202037.69,47.695,13.906,3
248,620069.195,4202037.765,46.992,11.719,3
249,620073.543,4202038.084,44.922,12.617,3
250,620077.808,4202038.127,45.859,11.836,3
251,620082.422,4202037.925,48.398,13.828,3
252,620087.226,4202037.787,49.141,14.883,3
253,620091.967,4202037.591,49.727,14.141,3
254,620096.639,4202037.552,55.781,16.484,3
255,620100.99,4202037.754,56.523,18.359,3
256,620105.682,4202037.721,56.914,19.023,3
257,620110.36,4202037.733,59.57,20.469,3
258,620114.756,4202038.568,56.563,19.336,3
259,620119.022,4202038.624,52.852,17.227,3
260,620123.554,4202038.255,56.602,21.25,3
261,620128.009,4202038.096,55.742,18.594,3
262,620132.389,4202037.986,55.273,20.078,3
263,620136.416,4202038.046,53.164,17.656,3
264,620141.309,4202037.963,51.523,16.602,3
265,620145.759,4202038.004,46.406,12.93,3
266,620149.829,4202038.006,41.094,10.313,3
267,620154.378,4202038.272,39.688,9.297,3
268,620158.552,4202038.37,38.086,9.688,3
269,620162.113,4202038.473,38.867,3.594,3
270,620165.008,4202038.623,36.758,8.125,3
271,620169.354,4202038.76,39.102,10.039,3
272,620174.032,4202038.511,34.648,4.531,3
273,620178.803,4202038.521,36.094,10.117,3
274,620183.269,4202038.495,35.43,8.75,3
275,620187.973,4202038.413,38.281,10.313,3
276,620192.508,4202038.324,39.492,9.297,3
277,620196.838,4202037.969,44.297,13.555,3
278,620201.573,4202038.439,42.891,11.797,3
279,620205.912,4202038.596,42.383,13.164,3
280,620210.2,4202038.429,46.328,13.984,3
281,620214.662,4202038.603,46.406,13.945,3
282,620219.225,4202038.422,50.117,16.25,3
283,620223.346,4202038.377,46.055,12.5,3
284,620227.775,4202038.66,39.102,11.094,3
285,620231.953,4202038.675,34.609,8.75,3
286,620235.925,4202038.875,32.852,4.766,3
287,620240.179,4202038.84,37.227,6.953,3
288,620244.99,4202038.373,36.289,6.25,3
289,620249.365,4202038.385,39.844,10.078,3
290,620253.748,4202038.633,39.531,9.141,3
291,620257.558,4202038.889,43.086,13.086,3
292,620261.447,4202038.735,47.188,15.625,3
293,620265.482,4202038.739,52.734,19.219,3
294,620270.085,4202038.872,50.547,17.109,3
295,620274.652,4202038.876,51.992,16.367,3
296,620279.197,4202038.666,46.25,12.344,3
297,620283.723,4202038.537,41.992,10.195,3
298,620288.374,4202038.805,39.648,9.336,3
299,620293.193,4202038.979,39.922,7.109,3
300,620297.665,4202039.191,33.828,6.367,3
301,620302.203,4202039.275,29.961,4.531,3
302,620306.814,4202038.956,31.328,4.57,3
303,620310.863,4202038.868,32.031,6.289,3
304,620314.955,4202038.74,30.313,4.102,3
305,620319.2,4202038.999,30.352,4.727,3
306,620323.25,4202038.649,29.297,4.258,3
307,620327.08,4202038.849,28.906,3.32,3
308,620331.559,4202039.134,30.313,4.063,3
309,620336.016,4202039.395,30.313,4.297,3
310,620340.527,4202038.869,30.508,4.18,3
311,620345.225,4202038.986,31.133,3.828,3
312,620349.925,4202039.113,33.008,4.297,3
313,620354.325,4202038.893,33.398,6.602,3
314,620358.79,4202038.755,32.07,5.43,3
315,620363.26,4202038.987,33.281,6.484,3
316,620367.759,4202039.03,34.57,6.25,3
317,620372.4,4202039.152,35.625,7.266,3
318,620376.606,4202039.12,36.094,7.5,3
319,620381.008,4202039.389,32.969,3.867,3
320,620385.947,4202039.163,35.625,5.625,3
321,620390.535,4202039.142,34.57,5.43,3
322,620394.681,4202039.123,38.477,9.961,3
323,620399.239,4202039.066,36.016,8.75,3
324,620403.725,4202038.823,36.563,9.727,3
325,620407.684,4202039.049,35.742,11.445,3
326,620412.268,4202039.48,36.289,6.797,3
327,620416.929,4202039.351,37.266,6.719,3
328,620421.838,4202039.475,40.742,10.313,3
329,620426.414,4202039.521,45.156,11.641,3
330,620430.909,4202039.37,43.711,12.07,3
331,620435.37,4202039.438,45.273,14.844,3
332,620440.172,4202038.99,45.43,13.867,3
333,620443.257,4202037.46,50.82,15.938,3
334,620443.544,4202031.448,49.336,14.883,3
335,620443.788,4202026.275,41.836,10.703,3
336,620443.883,4202021.184,42.383,11.68,3
337,620443.886,4202016.131,40.156,11.758,3
338,620444.164,4202011.306,39.961,10.781,3
339,620444.112,4202008.509,31.641,2.461,4
340,620443.247,4202008.859,40.117,14.336,4
341,620441.877,4202008.737,42.891,13.203,4
342,620437.762,4202009.037,40.117,9.766,4
343,620433.805,4202009.276,40.43,11.875,4
344,620430.011,4202009.536,36.875,6.875,4
345,620428.634,4202008.665,35.586,7.813,4
346,620424.556,4202008.718,35.352,5.508,4
347,620423.838,4202008.958,35.156,6.641,4
348,620421.644,4202009.241,38.398,8.906,4
349,620417.455,4202009.155,38.594,8.086,4
350,620413.077,4202009.036,33.867,6.211,4
351,620408.592,4202009.139,35.82,5.742,4
352,620404.549,4202008.952,34.883,6.875,4
353,620400.329,4202008.772,32.813,5.352,4
354,620395.445,4202008.781,35.742,7.461,4
355,620390.78,4202008.691,34.648,6.758,4
356,620386.092,4202008.743,38.438,8.867,4
357,620381.647,4202008.39,41.406,11.563,4
358,620376.714,4202009.022,34.844,6.523,4
359,620372.359,4202008.449,35.586,7.031,4
360,620368.297,4202008.472,36.914,5.039,4
361,620363.311,4202008.733,38.633,9.688,4
362,620358.318,4202008.73,41.797,8.32,4
363,620353.773,4202008.645,37.891,9.258,4
364,620348.867,4202008.733,40.977,10.156,4
365,620345.342,4202008.263,40.273,10.977,4
366,620340.619,4202008.106,43.125,11.328,4
367,620335.985,4202008.264,43.086,11.523,4
368,620331.978,4202008.28,38.086,8.32,4
369,620327.589,4202008.017,36.094,6.875,4
370,620323.36,4202008.33,35.352,7.305,4
371,620318.834,4202008.321,34.531,7.07,4
372,620314.646,4202007.954,36.797,8.672,4
373,620310.105,4202008.11,37.969,9.414,4
374,620306.012,4202008.47,33.281,5.898,4
375,620301.659,4202008.156,30.43,4.18,4
376,620296.949,4202008.437,35.703,7.305,4
377,620292.197,4202008.388,34.375,7.148,4
378,620288.166,4202008.508,31.289,3.828,4
379,620285.17,4202008.245,31.055,3.398,4
380,620281.984,4202008.059,32.5,6.055,4
381,620277.632,4202008.257,34.141,5.938,4
382,620273.219,4202008.363,34.844,6.367,4
383,620268.735,4202008.208,39.453,9.414,4
384,620264.219,4202008.213,38.75,9.961,4
385,620260.138,4202007.802,41.172,10.781,4
386,620255.752,4202007.678,44.375,12.695,4
387,620251.43,4202007.899,50.078,16.758,4
388,620246.982,4202007.69,52.227,18.594,4
389,620242.617,4202008.003,56.367,20,4
390,620238.605,4202007.869,51.68,16.289,4
391,620234.456,4202007.638,45.938,11.367,4
392,620230.232,4202007.699,45.781,14.141,4
393,620225.92,4202007.694,45.82,13.711,4
394,620221.703,4202007.888,51.719,17.891,4
395,620217.463,4202007.841,49.57,16.328,4
396,620213.223,4202007.919,50.391,17.656,4
397,620208.818,4202007.584,54.688,18.867,4
398,620204.537,4202007.629,61.406,23.711,4
399,620200.656,4202007.368,63.32,26.055,4
400,620196.188,4202007.963,67.07,28.125,4
401,620192.391,4202007.56,66.016,26.484,4
402,620188.104,4202007.464,62.969,24.297,4
403,620183.828,4202007.598,65.82,26.328,4
404,620179.606,4202007.501,69.727,28.398,4
405,620175.49,4202007.376,70.313,31.016,4
406,620171.246,4202007.656,75.938,33.867,4
407,620167.027,4202007.375,77.031,37.07,4
408,620162.69,4202007.413,83.906,41.055,4
409,620158.257,4202007.583,83.633,39.805,4
410,620154.174,4202007.605,77.695,35.313,4
411,620150.103,4202007.902,83.32,38.047,4
412,620146.376,4202007.518,74.18,30.625,4
413,620143.019,4202007.192,74.727,32.695,4
414,620138.946,4202007.238,59.844,22.07,4
415,620135.71,4202007.501,61.172,24.609,4
416,620131.575,4202007.556,55.938,20.898,4
417,620127.053,4202008.168,54.766,18.047,4
418,620123.016,4202007.719,50.352,16.055,4
419,620119.096,4202007.453,47.969,14.063,4
420,620114.691,4202007.001,52.461,16.992,4
421,620111.001,4202007.134,59.883,21.836,4
422,620106.832,4202007.517,68.438,25.508,4
423,620102.671,4202007.428,65.234,23.594,4
424,620098.642,4202006.989,76.719,32.969,4
425,620094.459,4202007.291,75.547,30.898,4
426,620090.001,4202007.299,64.258,24.57,4
427,620085.81,4202007.189,53.789,16.602,4
428,620081.618,4202007.184,56.328,19.414,4
429,620077.466,4202006.901,56.484,19.531,4
430,620073.261,4202006.905,59.18,20.664,4
431,620068.803,4202006.855,51.367,16.68,4
432,620063.988,4202007.098,48.633,15.508,4
433,620059.277,4202007.467,51.68,17.734,4
434,620055.256,4202007.534,46.016,14.609,4
435,620050.953,4202007.113,44.063,12.031,4
436,620046.7,4202006.986,40.43,11.68,4
437,620042.236,4202007.212,35.977,8.867,4
438,620037.562,4202007.062,35.586,8.633,4
439,620033.165,4202006.834,42.656,13.125,4
440,620029.139,4202006.549,40.469,11.523,4
441,620024.99,4202006.635,40.82,12.422,4
442,620020.517,4202007.099,40.117,11.055,4
443,620016.157,4202006.613,45.508,12.891,4
444,620011.555,4202006.686,50.117,17.695,4
445,620007.027,4202007.132,49.688,19.063,4
446,620004.403,4202005.265,40.742,12.891,4
447,620004.439,4201999.745,39.141,10.117,4
448,620004.364,4201995.205,38.516,9.219,4
449,620004.151,4201990.052,37.188,8.906,4
450,620002.636,4201985.007,41.992,11.445,4
451,620002.082,4201980.437,40.508,10.195,4
452,620001.931,4201975.82,41.719,11.25,5
453,620005.284,4201975.416,47.5,13.984,5
454,620006.716,4201975.695,61.875,33.906,5
455,620006.278,4201975.712,60.742,34.453,5
456,620007.01,4201975.858,47.617,17.148,5
457,620010.712,4201975.399,54.414,23.047,5
458,620014.913,4201975.367,56.094,25.078,5
459,620018.475,4201975.663,52.188,22.578,5
460,620023.057,4201975.678,53.008,20.625,5
461,620027.483,4201975.22,53.359,20.273,5
462,620032.084,4201975.129,54.805,21.055,5
463,620035.498,4201975.21,58.789,26.914,5
464,620039.198,4201975.56,55.938,21.094,5
465,620044.081,4201975.258,57.266,22.109,5
466,620049.071,4201975.197,57.227,23.125,5
467,620053.37,4201975.815,59.141,24.453,5
468,620057.814,4201975.421,60.078,25.078,5
469,620062.134,4201975.66,65.664,29.727,5
470,620066.385,4201975.804,62.422,23.828,5
471,620070.799,4201975.47,59.18,22.891,5
472,620075.234,4201975.355,57.344,22.031,5
473,620080.081,4201975.212,52.5,19.141,5
474,620083.847,4201975.631,51.797,18.477,5
475,620087.849,4201976.294,50.156,16.836,5
476,620092.232,4201976.219,49.609,17.188,5
477,620096.806,4201975.846,54.961,20.195,5
478,620101.14,4201975.673,62.266,25.625,5
479,620105.174,4201975.569,70.039,29.336,5
480,620109.548,4201975.644,67.461,28.555,5
481,620114.037,4201975.76,64.766,26.953,5
482,620118.035,4201975.798,57.813,21.992,5
483,620122.65,4201975.929,59.922,24.18,5
484,620126.934,4201976.14,61.523,25.508,5
485,620131.411,4201976.374,68.281,31.484,5
486,620136.073,4201976.188,75.938,35.469,5
487,620141.034,4201975.622,80.508,39.297,5
488,620145.64,4201975.989,80.586,39.258,5
489,620149.682,4201976.203,76.289,36.016,5
490,620153.997,4201976.009,80.156,38.945,5
491,620158.364,4201975.647,82.188,40.742,5
492,620162.814,4201975.947,92.148,49.609,5
493,620167.447,4201976.021,94.297,51.211,5
494,620171.532,4201976.391,93.203,49.023,5
495,620175.705,4201976.453,98.984,52.969,5
496,620177.961,4201976.325,106.211,58.711,5
497,620182.256,4201976.121,105.938,60.508,5
498,620186.806,4201976.167,86.563,46.016,5
499,620191.438,4201976.341,80.781,35.82,5
500,620194.565,4201976.44,80.898,40.313,5
501,620199.136,4201976.083,80.156,37.578,5
502,620203.685,4201976.413,76.289,36.172,5
503,620208.137,4201976.535,78.75,36.992,5
504,620212.443,4201976.358,77.773,39.375,5
505,620216.874,4201976.167,81.25,39.531,5
506,620221.223,4201975.893,75.898,34.961,5
507,620225.521,4201976.072,69.531,32.773,5
508,620229.637,4201976.407,69.141,33.32,5
509,620233.899,4201976.606,79.414,41.953,5
510,620238.226,4201976.487,73.398,32.539,5
511,620242.275,4201976.427,74.297,35.898,5
512,620246.95,4201976.386,75.156,35,5
513,620251.288,4201976.426,76.641,35.82,5
514,620255.485,4201976.581,72.109,36.016,5
515,620259.244,4201976.36,67.305,30.234,5
516,620263.304,4201976.348,69.102,33.555,5
517,620267.324,4201976.369,60.625,25.547,5
518,620271.524,4201976.539,55.742,21.719,5
519,620275.682,4201976.617,47.188,15.898,5
520,620279.575,4201976.673,42.5,14.102,5
521,620283.891,4201976.511,45.391,15.078,5
522,620288.056,4201977.125,47.578,16.563,5
523,620292.822,4201976.536,46.055,16.094,5
524,620297.058,4201976.198,44.023,15.313,5
525,620301.599,4201976.563,46.172,15.352,5
526,620305.987,4201976.776,59.219,25.781,5
527,620310.167,4201976.718,53.75,20.586,5
528,620314.215,4201976.739,46.914,14.844,5
529,620318.378,4201977.265,43.789,13.125,5
530,620323.141,4201976.828,44.102,15,5
531,620328.024,4201976.779,43.477,13.906,5
532,620332.236,4201976.539,40.703,12.305,5
533,620336.959,4201976.855,36.836,9.922,5
534,620341.333,4201976.821,40.547,12.109,5
535,620345.801,4201977.254,37.695,11.172,5
536,620349.81,4201976.933,37.852,10,5
537,620354.721,4201976.942,36.484,9.18,5
538,620359.27,4201976.711,37.188,7.695,5
539,620363.861,4201976.856,38.906,11.172,5
540,620368.205,4201977.057,38.281,10.703,5
541,620372.917,4201976.558,35.977,10.547,5
542,620377.294,4201977.058,37.5,11.758,5
543,620381.667,4201977.103,35.508,10.273,5
544,620386.327,4201976.876,33.867,7.773,5
545,620390.477,4201977.031,33.828,8.281,5
546,620395.233,4201976.965,34.922,9.492,5
547,620399.846,4201977.026,35.117,9.023,5
548,620403.795,4201977.33,35.938,9.492,5
549,620408.12,4201977.148,36.094,9.336,5
550,620412.262,4201976.912,38.242,11.055,5
551,620416.636,4201977.086,39.18,11.563,5
552,620420.764,4201977.05,40.352,11.719,5
553,620424.919,4201977.625,41.25,12.305,5
554,620428.667,4201977.347,43.359,13.008,5
555,620432.555,4201977.37,48.438,16.719,5
556,620436.93,4201977.291,50.586,20.117,5
557,620440.987,4201977.603,53.164,18.711,5
558,620442.749,4201975.183,44.961,11.563,5
559,620442.774,4201971.592,49.766,13.086,5
560,620443.147,4201971.477,60.234,31.445,5
561,620442.489,4201971.352,47.656,13.164,5
562,620442.394,4201967.166,49.102,15.117,5
563,620442.32,4201962.125,52.148,16.172,5
564,620442.408,4201957.57,47.5,13.672,5
565,620442.27,4201952.867,48.047,15.938,5
566,620442.098,4201948.652,45.508,13.984,5
567,620442.229,4201945.324,43.75,12.5,6
568,620441.626,4201945.311,58.359,29.688,6
569,620441.506,4201945.133,58.477,29.023,6
570,620440.075,4201944.924,50.938,20.547,6
571,620436.937,4201945.032,46.25,16.914,6
572,620433.138,4201945.17,44.648,16.133,6
573,620429.077,4201944.797,44.18,16.055,6
574,620424.558,4201944.586,41.133,13.008,6
575,620420.862,4201944.574,41.289,14.844,6
576,620417.017,4201944.468,39.648,11.289,6
577,620413.212,4201944.385,38.047,10.469,6
578,620408.695,4201944.26,36.914,10.664,6
579,620404.86,4201944.669,33.359,5.977,6
580,620403.433,4201944.867,37.93,11.133,6
581,620400.27,4201944.836,36.992,11.25,6
582,620396.42,4201944.789,37.813,10.313,6
583,620395.846,4201944.784,46.563,17.695,6
584,620393.437,4201944.462,37.188,10,6
585,620389.326,4201944.411,37.383,10,6
586,620385.221,4201944.387,39.18,10.352,6
587,620381.037,4201944.378,41.406,11.094,6
588,620377.113,4201944.635,47.188,15.664,6
589,620373.348,4201944.276,42.813,12.148,6
590,620368.819,4201944.037,44.609,15.352,6
591,620364.731,4201944.057,44.492,15.234,6
592,620360.535,4201943.813,43.633,13.125,6
593,620356.274,4201943.945,48.086,17.617,6
594,620351.937,4201944.062,47.109,15.547,6
595,620347.867,4201944.022,41.797,13.125,6
596,620343.674,4201944.199,40.625,12.617,6
597,620339.75,4201943.877,43.672,13.555,6
598,620335.786,4201943.656,44.453,12.266,6
599,620331.608,4201943.371,45.977,14.766,6
600,620327.3,4201943.691,46.016,15.313,6
601,620323.471,4201943.369,52.695,20.898,6
602,620318.688,4201943.866,56.602,22.5,6
603,620314.488,4201943.999,55.977,21.523,6
604,620310.15,4201944.106,52.93,20.391,6
605,620306.004,4201943.477,56.523,22.266,6
606,620302.944,4201943.697,57.852,23.281,6
607,620298.939,4201944.194,57.461,22.383,6
608,620295.282,4201943.902,58.789,26.875,6
609,620291.726,4201944.102,55.313,24.648,6
610,620287.899,4201944.578,55.781,24.688,6
611,620284.054,4201944.029,50.078,19.961,6
612,620279.568,4201943.747,46.211,17.5,6
613,620275.608,4201943.802,49.063,18.164,6
614,620271.393,4201943.672,51.875,19.531,6
615,620266.651,4201943.777,51.563,20.703,6
616,620262.625,4201943.595,52.305,19.844,6
617,620258.306,4201943.771,54.688,23.008,6
618,620254.115,4201943.606,51.68,19.531,6
619,620249.836,4201943.51,54.688,24.922,6
620,620245.415,4201943.524,54.492,22.422,6
621,620240.803,4201943.498,50.703,20.508,6
622,620236.578,4201943.711,49.414,17.773,6
623,620232.333,4201943.525,50.82,19.766,6
624,620227.813,4201943.401,52.891,20.352,6
625,620223.543,4201943.216,51.094,21.68,6
626,620219.185,4201943.27,54.102,25.273,6
627,620214.783,4201943.139,52.539,26.641,6
628,620210.564,4201943.167,49.961,22.617,6
629,620206.769,4201942.803,44.414,17.734,6
630,620202.35,4201942.945,40.859,14.063,6
631,620198.168,4201943.339,42.461,13.945,6
632,620194.181,4201943.224,39.453,12.734,6
633,620190.429,4201943.111,37.383,11.133,6
634,620186.477,4201943.091,49.453,18.984,6
635,620182.345,4201943.074,57.422,27.539,6
636,620178.356,4201943.014,58.164,28.164,6
637,620174.141,4201943.23,60.742,28.438,6
638,620169.621,4201943.054,63.516,31.25,6
639,620165.157,4201942.99,65.313,31.563,6
640,620160.518,4201943.07,61.055,29.609,6
641,620156.465,4201943.179,61.758,29.453,6
642,620152.162,4201943.093,62.266,29.922,6
643,620147.776,4201943.242,58.164,30.43,6
644,620143.288,4201942.986,54.414,29.18,6
645,620139.03,4201942.96,55.195,29.219,6
646,620134.759,4201942.851,56.445,28.242,6
647,620130.494,4201942.631,55.352,26.484,6
648,620126.013,4201942.781,54.688,25.938,6
649,620121.994,4201942.856,70.625,38.789,6
650,620117.771,4201942.866,75.43,42.695,6
651,620113.705,4201943.033,66.289,35.391,6
652,620109.198,4201942.897,74.063,37.969,6
653,620104.906,4201942.724,71.68,36.68,6
654,620100.408,4201942.869,69.531,32.969,6
655,620096.211,4201942.914,65.859,31.484,6
656,620091.619,4201942.955,68.945,35.703,6
657,620087.225,4201942.951,62.5,30.117,6
658,620082.825,4201942.889,82.969,48.086,6
659,620078.743,4201942.801,86.328,49.961,6
660,620074.261,4201942.732,84.102,50.469,6
661,620070.009,4201942.684,76.953,43.828,6
662,620065.61,4201942.694,74.492,38.477,6
663,620061.269,4201942.569,72.422,42.344,6
664,620057.336,4201942.453,69.492,35.391,6
665,620053.391,4201942.341,68.008,36.68,6
666,620049.038,4201942.518,62.07,28.789,6
667,620044.397,4201942.552,61.094,30.664,6
668,620039.683,4201942.833,62.734,29.102,6
669,620035.049,4201942.774,60.43,28.477,6
670,620030.74,4201942.784,63.047,32.188,6
671,620026.661,4201942.703,61.641,29.648,6
672,620022.093,4201942.841,60.625,30.352,6
673,620017.432,4201942.662,60.859,29.688,6
674,620013.136,4201942.673,66.094,30.781,6
675,620009.106,4201942.472,62.383,29.766,6
676,620004.678,4201942.134,66.289,35.273,6
677,620000.433,4201942.486,65.156,31.953,6
678,619997.493,4201940.921,59.219,29.023,6
679,619997.359,4201936.429,61.719,35.117,6
680,619996.792,4201931.736,53.516,26.328,6
681,619996.495,4201926.782,56.016,28.711,6
682,619995.848,4201922.024,56.836,27.227,6
683,619995.504,4201917.622,54.766,26.367,6
684,619995.507,4201912.797,54.258,24.336,7
685,619995.79,4201911.33,49.727,21.484,7
686,619999.649,4201912.16,43.398,17.891,7
687,620003.105,4201912.351,54.922,25.273,7
688,620007.881,4201911.939,53.242,23.203,7
689,620012.071,4201912.139,35.039,11.25,7
690,620016.39,4201912.288,48.984,20.898,7
691,620020.717,4201912.208,48.086,21.172,7
692,620025.027,4201912.263,49.57,20.625,7
693,620029.495,4201912.174,54.414,21.484,7
694,620033.581,4201912.658,52.617,22.148,7
695,620037.811,4201912.374,50.977,17.227,7
696,620042.129,4201912.191,58.164,28.438,7
697,620046.462,4201911.936,61.758,30.43,7
698,620050.897,4201912.215,60.508,31.68,7
699,620055.412,4201912.122,61.445,31.367,7
700,620060.121,4201912.277,65.039,33.984,7
701,620064.381,4201912.45,61.289,32.109,7
702,620069.224,4201912.393,65.898,39.805,7
703,620073.683,4201912.156,61.211,36.953,7
704,620078.573,4201912.355,65.977,39.688,7
705,620083.108,4201912.461,71.875,41.758,7
706,620087.54,4201912.558,61.992,35.781,7
707,620091.909,4201912.596,73.867,43.359,7
708,620096.208,4201912.751,70.391,42.227,7
709,620100.64,4201912.588,56.055,33.164,7
710,620105.296,4201912.369,61.953,41.68,7
711,620109.779,4201912.35,61.367,35.625,7
712,620114.017,4201912.416,64.102,39.414,7
713,620118.473,4201912.652,66.523,42.148,7
714,620122.768,4201912.741,66.992,41.953,7
715,620127.121,4201912.756,66.758,40.234,7
716,620131.388,4201912.835,68.086,41.992,7
717,620135.794,4201912.704,68.789,46.953,7
718,620139.34,4201912.707,65.781,38.828,7
719,620143.652,4201912.695,66.055,36.875,7
720,620148.471,4201912.938,72.422,43.828,7
721,620152.779,4201913.175,58.945,30.234,7
722,620156.953,4201913.365,65.195,34.375,7
723,620161.688,4201913.313,54.531,25.273,7
724,620166.127,4201912.865,54.297,24.336,7
725,620170.914,4201912.732,51.406,23.359,7
726,620175.494,4201912.806,51.523,24.922,7
727,620180.261,4201913.357,48.828,21.25,7
728,620184.734,4201913.242,49.688,21.211,7
729,620189.661,4201912.663,44.766,20.039,7
730,620194.133,4201912.872,45.82,20.313,7
731,620198.613,4201913.366,47.617,22.383,7
732,620203.2,4201913.283,46.836,20,7
733,620207.524,4201913.363,48.125,22.188,7
734,620211.787,4201913.475,53.398,26.484,7
735,620216.159,4201913.193,59.57,29.18,7
736,620220.693,4201913.257,54.375,25.664,7
737,620224.846,4201913.146,55.547,28.594,7
738,620229.441,4201913.35,57.461,26.289,7
739,620233.72,4201913.007,55.742,26.289,7
740,620238.085,4201912.894,42.109,17.305,7
741,620242.836,4201913.1,43.281,19.453,7
742,620246.964,4201913.418,42.227,18.164,7
743,620251.205,4201913.524,42.031,18.125,7
744,620255.564,4201913.275,44.375,19.023,7
745,620259.885,4201913.061,43.047,19.805,7
746,620264.152,4201913.378,40.43,14.648,7
747,620268.787,4201912.987,39.883,14.141,7
748,620273.58,4201913.072,41.367,15,7
749,620277.794,4201913.548,48.008,19.805,7
750,620282.149,4201913.434,53.398,24.727,7
751,620286.309,4201913.444,64.961,33.086,7
752,620290.745,4201913.343,66.445,30.742,7
753,620295.228,4201913.186,68.438,33.047,7
754,620299.645,4201913.12,63.945,32.148,7
755,620303.961,4201913.131,60.977,25.625,7
756,620308.154,4201913.19,61.484,27.578,7
757,620312.337,4201913.491,55.039,23.203,7
758,620316.769,4201913.363,55.273,24.18,7
759,620321.209,4201913.526,50.781,21.523,7
760,620325.157,4201913.37,44.883,15.43,7
761,620329.698,4201913.514,43.477,16.289,7
762,620333.95,4201913.899,42.305,15.703,7
763,620338.504,4201913.74,41.484,14.219,7
764,620343.26,4201913.92,40.938,13.555,7
765,620348.239,4201913.242,42.5,15.195,7
766,620353.234,4201913.619,40.352,14.219,7
767,620357.811,4201913.641,41.484,13.008,7
768,620362.667,4201913.937,41.094,12.93,7
769,620367.07,4201913.577,40.469,13.672,7
770,620371.804,4201913.81,39.688,13.984,7
771,620376.41,4201913.927,41.484,13.633,7
772,620380.925,4201913.771,42.227,12.734,7
773,620385.14,4201913.796,39.57,11.406,7
774,620389.738,4201913.828,41.875,12.227,7
775,620394.135,4201913.923,40.938,13.672,7
776,620398.458,4201913.742,37.734,9.961,7
777,620403.048,4201913.974,40.781,14.336,7
778,620407.473,4201914.169,40.234,13.516,7
779,620412.049,4201914.046,36.484,10.234,7
780,620416.357,4201913.74,38.594,11.914,7
781,620420.68,4201913.827,39.375,12.773,7
782,620424.995,4201913.94,38.164,11.953,7
783,620428.493,4201913.979,41.367,13.594,7
784,620432.882,4201914.218,42.109,13.633,7
785,620437.115,4201913.847,46.328,15.469,7
786,620441.128,4201914.34,47.266,15.742,7
787,620443.096,4201911.338,45.977,14.414,7
788,620442.639,4201906.764,48.203,17.383,7
789,620442.198,4201901.705,45.352,14.844,7
790,620442.013,4201896.84,45.43,18.398,7
791,620441.867,4201891.815,42.695,16.289,7
792,620442.291,4201887.032,42.422,13.398,7
793,620440.902,4201882.484,43.516,17.305,8
794,620436.778,4201882.344,45.313,15.313,8
795,620431.946,4201882.06,44.57,15.703,8
796,620427.531,4201882.036,42.148,17.227,8
797,620422.737,4201882.211,40.781,15.156,8
798,620418.197,4201882.441,41.25,13.086,8
799,620413.632,4201882.4,40.234,11.953,8
800,620408.969,4201882.191,42.578,13.672,8
801,620404.56,4201882.146,41.445,13.359,8
802,620400.188,4201882.06,41.875,15.859,8
803,620395.724,4201882.025,42.461,14.258,8
804,620391.368,4201882.582,42.617,14.961,8
805,620386.761,4201882.159,41.523,15.273,8
806,620382.362,4201882.152,41.25,13.203,8
807,620377.924,4201882.046,40.898,17.227,8
808,620373.627,4201882.054,39.492,13.555,8
809,620369.01,4201882.154,39.844,13.516,8
810,620364.44,4201882.161,39.805,15.156,8
811,620359.835,4201882.135,35.352,10.586,8
812,620355.496,4201882.34,37.227,12.07,8
813,620351.137,4201882.092,40.391,14.336,8
814,620346.498,4201882.078,41.367,14.883,8
815,620341.9,4201882.175,43.633,15.195,8
816,620337.474,4201882.238,48.242,19.375,8
817,620332.916,4201882.105,48.633,18.164,8
818,620328.678,4201882.016,43.125,15.977,8
819,620324.427,4201881.838,46.992,16.758,8
820,620319.696,4201881.601,55.469,23.945,8
821,620315.504,4201881.768,58.281,25.703,8
822,620311.342,4201881.861,63.75,28.32,8
823,620306.725,4201881.722,59.57,26.172,8
824,620302.546,4201881.869,53.75,23.477,8
825,620298.348,4201882.046,63.672,27.617,8
826,620294.289,4201882.167,61.641,28.281,8
827,620289.838,4201882.245,58.477,24.453,8
828,620285.291,4201881.96,55.664,23.828,8
829,620280.825,4201881.672,54.727,21.914,8
830,620275.982,4201881.576,55.352,22.969,8
831,620271.652,4201881.938,64.297,31.406,8
832,620266.935,4201881.788,62.188,26.953,8
833,620262.145,4201882.13,58.711,29.648,8
834,620257.185,4201881.894,55.195,22.266,8
835,620252.821,4201881.63,58.281,27.539,8
836,620248.445,4201881.552,62.656,33.789,8
837,620244.17,4201881.326,56.758,26.289,8
838,620239.447,4201881.377,54.844,24.297,8
839,620234.794,4201881.569,54.414,23.984,8
840,620230.164,4201881.765,51.133,22.461,8
841,620226.107,4201881.323,57.305,27.5,8
842,620221.456,4201881.321,55.078,23.086,8
843,620217.107,4201881.068,52.031,20.82,8
844,620212.927,4201881.117,54.844,23.047,8
845,620208.345,4201881.57,54.336,22.773,8
846,620203.638,4201881.183,58.672,37.422,8
847,620199.114,4201881.329,52.773,23.32,8
848,620194.577,4201881.679,49.297,19.844,8
849,620190.217,4201881.289,47.813,21.25,8
850,620185.835,4201881.364,45.898,17.656,8
851,620181.501,4201881.552,43.125,15.977,8
852,620177.096,4201881.406,43.203,15.273,8
853,620172.643,4201881.088,43.672,17.383,8
854,620168.023,4201881.199,44.336,16.484,8
855,620163.786,4201881.301,44.336,17.109,8
856,620159.462,4201881.137,42.383,16.797,8
857,620155.273,4201881.141,41.484,14.219,8
858,620151.84,4201881.022,43.047,15.195,8
859,620147.592,4201881.044,43.438,15.352,8
860,620143.18,4201881.084,43.164,15.625,8
861,620139.024,4201881.043,43.359,14.727,8
862,620134.723,4201880.837,44.336,16.289,8
863,620130.28,4201880.912,46.641,19.766,8
864,620125.867,4201881.144,47.695,20.195,8
865,620121.38,4201881.087,45.898,18.477,8
866,620116.503,4201881.16,42.305,16.875,8
867,620112.267,4201880.688,39.102,15.703,8
868,620107.922,4201880.806,42.773,15.117,8
869,620103.59,4201880.777,41.914,15.234,8
870,620099.019,4201880.78,40.938,15.313,8
871,620094.094,4201881.111,45.938,19.57,8
872,620091.312,4201880.873,50,21.016,8
873,620088.43,4201880.981,53.672,23.906,8
874,620084.346,4201880.974,50.781,19.961,8
875,620080.189,4201881.143,45.859,16.055,8
876,620075.847,4201881.481,47.578,17.461,8
877,620071.23,4201880.523,41.563,13.359,8
878,620066.79,4201880.8,49.336,19.297,8
879,620062.166,4201880.663,48.633,19.883,8
880,620057.798,4201880.782,48.633,17.734,8
881,620053.664,4201880.728,48.32,17.344,8
882,620049.567,4201880.769,47.969,17.695,8
883,620045.017,4201881.065,45.977,17.461,8
884,620040.746,4201880.97,43.047,14.453,8
885,620035.833,4201880.585,41.758,14.766,8
886,620031.488,4201880.718,41.055,15,8
887,620027.339,4201880.044,40.391,13.125,8
888,620022.831,4201880.441,39.336,12.266,8
889,620018.231,4201880.678,40.625,13.672,8
890,620013.068,4201880.847,43.32,15.117,8
891,620008.756,4201880.592,41.836,12.383,8
892,620004.501,4201880.766,42.148,15.117,8
893,619999.895,4201880.609,47.266,14.805,8
894,619995.98,4201880.667,50.742,19.727,8
895,619991.757,4201880.578,53.32,23.32,8
896,619989.458,4201878.74,49.023,21.055,8
897,619989.595,4201874.373,46.836,15.977,8
898,619989.052,4201869.157,48.594,21.016,8
899,619989.199,4201864.043,48.242,18.164,8
900,619989.141,4201858.914,46.367,16.25,8
901,619988.304,4201853.715,41.367,12.969,8
902,619988.225,4201848.973,47.305,17.031,9
903,619987.827,4201848.381,54.063,26.992,9
904,619987.632,4201848.421,54.453,27.344,9
905,619987.964,4201848.382,53.828,26.797,9
906,619988.822,4201847.998,35.938,8.75,9
907,619989.192,4201848.086,45.234,16.094,9
908,619991.853,4201848.061,46.602,14.531,9
909,619995.218,4201847.994,43.203,13.867,9
910,619998.966,4201848.114,42.813,14.609,9
911,620003.186,4201848.238,41.055,14.063,9
912,620008.145,4201848.298,41.719,14.102,9
913,620013.094,4201847.81,40.117,13.008,9
914,620018.029,4201847.879,43.789,15.234,9
915,620022.456,4201848.301,43.359,13.32,9
916,620027.389,4201848.066,43.672,13.75,9
917,620032.159,4201848.261,46.758,16.875,9
918,620036.829,4201848.176,45.664,15.195,9
919,620041.426,4201847.976,50.977,20.352,9
920,620046.147,4201848.203,54.219,22.227,9
921,620050.504,4201847.942,48.477,17.539,9
922,620055.015,4201848.028,50.469,19.883,9
923,620059.424,4201848.308,50.859,19.492,9
924,620064.083,4201848.522,49.688,19.453,9
925,620068.557,4201848.283,47.734,16.797,9
926,620073.345,4201848.237,58.555,24.648,9
927,620077.73,4201848.094,48.32,16.953,9
928,620081.563,4201848.206,52.227,20.234,9
929,620085.776,4201848.303,53.789,22.969,9
930,620090.43,4201848.647,55.586,22.852,9
931,620094.478,4201848.43,52.695,22.461,9
932,620098.625,4201848.745,48.086,18.359,9
933,620103.619,4201848.366,51.289,19.141,9
934,620107.997,4201848.638,61.992,29.57,9
935,620112.447,4201848.59,61.523,28.125,9
936,620116.492,4201848.707,60.313,28.75,9
937,620120.435,4201848.762,57.227,23.828,9
938,620125.174,4201848.683,49.375,20.352,9
939,620128.9,4201848.711,46.523,16.992,9
940,620133.258,4201848.83,47.383,18.75,9
941,620138.113,4201848.868,44.063,15.664,9
942,620142.587,4201848.709,41.641,13.594,9
943,620147.084,4201848.663,45.117,17.813,9
944,620151.426,4201848.69,45.039,16.328,9
945,620155.756,4201848.395,43.32,14.57,9
946,620160.746,4201848.957,45.664,15.195,9
947,620165.062,4201848.648,53.789,22.422,9
948,620169.846,4201848.958,61.289,25.234,9
949,620174.154,4201848.839,72.813,35.586,9
950,620178.214,4201848.894,67.07,28.711,9
951,620182.774,4201848.866,71.875,34.609,9
952,620187.188,4201848.739,60.273,26.875,9
953,620191.409,4201848.738,53.75,22.07,9
954,620195.951,4201848.936,49.883,19.609,9
955,620200.356,4201849.196,43.164,14.414,9
956,620204.926,4201849.293,44.297,15.117,9
957,620209.459,4201848.867,45.859,15.391,9
958,620214.129,4201848.659,44.453,16.875,9
959,620218.809,4201848.954,46.641,17.539,9
960,620222.712,4201849.05,54.336,22.383,9
961,620227.325,4201849.382,47.656,16.328,9
962,620231.622,4201849.373,51.25,18.359,9
963,620235.559,4201849.454,52.578,19.688,9
964,620240.121,4201849.236,53.516,21.133,9
965,620244.309,4201849.257,56.836,25.547,9
966,620248.767,4201849.056,56.406,24.609,9
967,620253.592,4201848.827,55.273,22.461,9
968,620257.736,4201849.021,50.938,19.414,9
969,620262.022,4201849.133,54.883,21.563,9
970,620266.711,4201849.211,53.75,21.758,9
971,620271.108,4201849.151,58.398,25.195,9
972,620275.174,4201849.225,57.539,26.719,9
973,620279.645,4201849.348,55.156,21.563,9
974,620284.052,4201849.577,53.359,19.453,9
975,620288.327,4201849.497,47.969,16.133,9
976,620292.692,4201849.354,42.852,12.07,9
977,620296.341,4201849.222,40.742,10.156,9
978,620301.121,4201848.912,39.102,9.688,9
979,620304.706,4201849.299,34.414,8.672,9
980,620309.125,4201849.397,35.547,8.75,9
981,620313.159,4201849.493,36.25,8.008,9
982,620316.366,4201848.974,37.734,9.453,9
983,620317.171,4201850.237,47.578,17.109,9
984,620317.223,4201850.343,44.961,14.414,9
985,620317.461,4201850.18,40.82,16.797,9
986,620317.019,4201850.054,21.094,0.0001,9
987,620317.784,4201849.858,37.344,7.344,9
988,620320.96,4201849.611,40,10,9
989,620325.334,4201849.798,36.914,8.477,9
990,620329.329,4201849.602,34.492,7.07,9
991,620334.087,4201849.304,35.078,6.484,9
992,620337.148,4201850.371,40.313,14.844,9
993,620336.554,4201850.202,33.477,0.0001,9
994,620337.623,4201849.341,31.133,4.805,9
995,620342.364,4201849.128,31.328,4.844,9
996,620346.62,4201849.556,35.625,8.164,9
997,620351.311,4201849.78,37.031,9.258,9
998,620355.856,4201849.561,34.609,6.133,9
999,620360.184,4201849.462,34.18,6.445,9
1000,620365.1,4201849.562,38.242,10.313,9
1001,620369.736,4201849.685,37.539,7.773,9
1002,620373.89,4201849.753,31.172,4.688,9
1003,620377.687,4201850.057,30.898,2.852,9
1004,620382.609,4201849.678,33.125,6.68,9
1005,620387.564,4201849.607,33.555,6.602,9
1006,620391.902,4201849.648,34.375,5.898,9
1007,620396.272,4201849.7,34.18,6.016,9
1008,620401.063,4201849.784,34.609,6.523,9
1009,620405.891,4201849.714,35.313,5.977,9
1010,620410.079,4201849.664,34.609,5.859,9
1011,620414.717,4201849.897,34.688,6.875,9
1012,620419.613,4201850.004,39.297,9.57,9
1013,620424.963,4201849.682,38.633,8.945,9
1014,620429.013,4201849.671,41.563,13.672,9
1015,620433.568,4201849.914,50.508,17.461,9
1016,620435.513,4201848.25,44.883,10.859,9
1017,620434.274,4201843.195,45.664,12.344,9
1018,620433.046,4201837.601,43.789,17.734,9
1019,620432.071,4201832.3,41.289,11.328,9
1020,620430.999,4201826.596,43.984,18.047,9
1021,620430.189,4201822.284,42.852,15.938,9
1022,620427.607,4201817.903,43.164,15.82,10
1023,620424.838,4201817.855,39.648,12.578,10
1024,620424.424,4201817.389,43.359,17.656,10
1025,620423.302,4201818.124,33.438,5.664,10
1026,620419.394,4201818.436,33.203,4.648,10
1027,620415.617,4201818.217,30.938,3.203,10
1028,620411.048,4201818.172,30.586,5.586,10
1029,620406.242,4201817.955,27.773,0.664,10
1030,620401.716,4201818.33,27.813,2.305,10
1031,620397.57,4201817.863,26.328,1.406,10
1032,620393.163,4201818.064,27.5,0.938,10
1033,620388.29,4201818.546,28.125,0.938,10
1034,620384.148,4201818.455,26.953,0.313,10
1035,620379.732,4201818.127,26.914,0.0001,10
1036,620375.559,4201817.859,27.031,4.375,10
1037,620371.001,4201817.924,25,0.82,10
1038,620366.357,4201817.511,26.172,0.0001,10
1039,620361.983,4201817.742,26.484,0.078,10
1040,620358.546,4201817.502,30.117,3.32,10
1041,620354.313,4201817.774,29.375,2.383,10
1042,620348.948,4201817.464,30.039,2.93,10
1043,620344.318,4201817.767,26.602,1.523,10
1044,620340.141,4201817.581,28.008,3.711,10
1045,620335.303,4201817.774,27.5,2.031,10
1046,620331.087,4201817.808,32.109,6.953,10
1047,620326.112,4201818.175,35.977,9.727,10
1048,620321.81,4201818.021,40.547,13.047,10
1049,620317.444,4201817.97,39.297,13.594,10
1050,620313.04,4201817.753,35.859,8.867,10
1051,620308.52,4201817.893,39.297,12.383,10
1052,620304.127,4201817.867,39.609,12.617,10
1053,620299.795,4201817.513,38.359,13.945,10
1054,620296.41,4201817.803,33.906,5.859,10
1055,620291.901,4201817.67,33.867,7.813,10
1056,620287.555,4201817.661,33.867,8.945,10
1057,620283.343,4201817.437,36.953,10.625,10
1058,620279.137,4201817.364,40.938,12.07,10
1059,620274.909,4201817.499,42.227,11.602,10
1060,620270.853,4201817.234,36.406,5.82,10
1061,620266.585,4201817.285,44.766,13.281,10
1062,620262.24,4201817.334,44.102,16.094,10
1063,620257.799,4201817.31,48.32,15.977,10
1064,620254.229,4201817.17,49.063,16.875,10
1065,620250.022,4201817.125,59.336,23.438,10
1066,620245.614,4201817.071,71.016,35.586,10
1067,620241.11,4201817.457,71.523,34.922,10
1068,620236.818,4201817.268,63.633,29.844,10
1069,620232.884,4201817.375,51.445,20.039,10
1070,620228.393,4201817.124,44.141,15.078,10
1071,620223.63,4201817.428,45.156,16.211,10
1072,620219.332,4201817.412,44.453,15.469,10
1073,620215.608,4201816.992,43.516,14.805,10
1074,620211.212,4201817.271,49.844,16.641,10
1075,620206.974,4201817.142,48.984,16.758,10
1076,620202.819,4201817.169,55.352,21.328,10
1077,620198.592,4201817.187,47.852,17.852,10
1078,620194.587,4201817.005,49.258,16.719,10
1079,620190.202,4201816.777,46.133,14.609,10
1080,620186.195,4201817.157,51.445,19.57,10
1081,620182.071,4201817.184,52.148,20.43,10
1082,620177.523,4201817.473,50.078,18.711,10
1083,620173.208,4201817.121,43.047,12.305,10
1084,620168.848,4201816.807,40.938,11.367,10
1085,620164.278,4201816.844,40.078,10.742,10
1086,620159.797,4201817.26,42.266,10.117,10
1087,620155.942,4201816.768,39.258,9.258,10
1088,620151.478,4201816.944,41.797,11.719,10
1089,620147.398,4201816.907,43.516,13.242,10
1090,620143.09,4201816.617,42.422,11.367,10
1091,620138.483,4201816.556,47.734,17.266,10
1092,620134.225,4201816.604,51.992,20.547,10
1093,620129.669,4201816.87,48.477,15.117,10
1094,620125.492,4201816.442,47.734,18.672,10
1095,620120.791,4201816.617,51.289,19.023,10
1096,620116.297,4201816.752,58.203,27.383,10
1097,620112.199,4201817.051,55.469,22.539,10
1098,620107.92,4201816.508,59.492,22.461,10
1099,620103.915,4201816.533,67.109,26.992,10
1100,620099.666,4201816.655,62.109,30.664,10
1101,620096.022,4201816.696,63.555,25.391,10
1102,620092.022,4201816.548,64.141,32.734,10
1103,620088.19,4201816.945,66.445,33.789,10
1104,620083.755,4201816.423,48.867,18.203,10
1105,620079.548,4201816.251,49.961,20,10
1106,620075.675,4201816.196,52.969,21.523,10
1107,620071.359,4201816.471,56.133,24.688,10
1108,620067.174,4201816.548,67.148,32.852,10
1109,620063.111,4201816.554,55.625,22.813,10
1110,620058.962,4201816.277,52.305,21.016,10
1111,620054.832,4201816.677,47.852,15.742,10
1112,620051.758,4201815.972,62.578,31.328,10
1113,620051.996,4201815.588,63.789,34.648,10
1114,620050.722,4201816.62,50.703,21.094,10
1115,620046.714,4201816.297,48.75,18.047,10
1116,620042.698,4201816.375,54.844,22.773,10
1117,620038.397,4201816.495,50.781,18.594,10
1118,620034.632,4201816.075,44.57,16.836,10
1119,620030.378,4201815.982,48.477,17.852,10
1120,620026.101,4201816.348,49.883,19.492,10
1121,620022.004,4201816.024,46.367,15.469,10
1122,620017.432,4201816.158,44.141,10.039,10
1123,620013.074,4201816.046,43.281,14.844,10
1124,620008.837,4201816.374,40.742,12.539,10
1125,620004.511,4201816.009,42.734,12.695,10
1126,620000.116,4201816.219,41.523,11.68,10
1127,619995.952,4201816.008,50.898,15.078,10
1128,619991,4201816.335,46.563,12.5,10
1129,619986.373,4201816.983,42.188,12.539,10
1130,619982.705,4201816.26,48.633,16.719,10
1131,619981.562,4201812.928,47.266,12.773,10
1132,619981.445,4201809.186,46.758,13.984,10
1133,619981.831,4201804.491,48.672,14.57,10
1134,619981.497,4201799.097,43.32,12.734,10
1135,619981.283,4201794.369,48.086,16.406,10
1136,619979.479,4201789.785,48.281,18.359,10
1137,619979.712,4201785.049,44.336,12.266,11
1138,619981.288,4201784.776,58.125,24.961,11
1139,619980.87,4201785.226,58.008,25.273,11
1140,619981.838,4201785.267,58.906,26.602,11
1141,619984.162,4201785.843,42.773,10.195,11
1142,619988.673,4201786.059,37.734,6.172,11
1143,619992.718,4201786.002,38.555,7.891,11
1144,619994.227,4201785.675,47.578,15.273,11
1145,619994.399,4201785.986,47.773,15.977,11
1146,619995.941,4201785.99,37.305,8.008,11
1147,619999.624,4201785.826,29.023,0.547,11
1148,620004.225,4201785.875,34.766,6.484,11
1149,620008.77,4201785.88,37.422,7.422,11
1150,620013.444,4201785.741,38.125,9.492,11
1151,620018.143,4201785.753,37.109,6.875,11
1152,620022.874,4201785.735,38.32,7.813,11
1153,620027.048,4201785.615,40.156,11.445,11
1154,620031.845,4201785.721,43.047,13.594,11
1155,620036.741,4201785.512,43.086,12.148,11
1156,620041.587,4201785.738,46.094,13.086,11
1157,620046.254,4201785.851,44.453,12.422,11
1158,620050.692,4201786.143,41.719,11.055,11
1159,620054.995,4201786.067,47.07,14.727,11
1160,620059.865,4201785.953,52.813,19.219,11
1161,620064.564,4201786.08,53.594,19.063,11
1162,620069.367,4201785.89,44.453,13.516,11
1163,620072.916,4201786.116,45.781,14.336,11
1164,620077.402,4201785.958,43.711,11.406,11
1165,620081.997,4201786.053,48.281,16.172,11
1166,620086.236,4201785.946,46.289,15.234,11
1167,620090.712,4201786.639,50.898,16.133,11
1168,620095.026,4201786.444,53.359,17.461,11
1169,620099.872,4201786.565,42.852,10.625,11
1170,620104.574,4201786.245,45.156,12.813,11
1171,620109.41,4201786.263,41.953,10.938,11
1172,620113.742,4201786.602,42.266,11.563,11
1173,620118.079,4201786.73,48.906,15.625,11
1174,620122.726,4201786.63,40.859,9.023,11
1175,620127.245,4201786.322,39.414,9.961,11
1176,620132.314,4201786.146,39.688,9.883,11
1177,620137.121,4201786.443,32.656,5.156,11
1178,620141.902,4201786.398,30.938,6.758,11
1179,620146.284,4201786.464,28.477,2.539,11
1180,620150.961,4201786.457,28.555,3.672,11
1181,620155.785,4201786.417,26.563,3.359,11
1182,620160.603,4201786.205,23.672,0.273,11
1183,620165.383,4201786.686,30.352,5.273,11
1184,620170.154,4201786.891,35.703,7.031,11
1185,620174.698,4201786.742,33.984,6.367,11
1186,620179.401,4201786.486,34.883,6.719,11
1187,620184.523,4201786.569,44.766,11.406,11
1188,620188.911,4201786.53,36.719,7.148,11
1189,620193.852,4201786.796,40.742,10.273,11
1190,620198.873,4201786.71,45.508,13.594,11
1191,620203.515,4201786.861,50.781,17.07,11
1192,620208.398,4201786.807,50.273,16.523,11
1193,620213.4,4201786.551,45.742,13.398,11
1194,620217.627,4201786.898,45.625,12.266,11
1195,620222.805,4201786.281,44.141,10.664,11
1196,620227.588,4201787.318,46.523,14.102,11
1197,620232.709,4201787.49,47.07,12.578,11
1198,620237.256,4201786.597,45.156,12.539,11
1199,620242.08,4201786.452,43.242,11.484,11
1200,620246.674,4201786.578,42.383,11.836,11
1201,620250.924,4201786.607,43.477,11.914,11
1202,620255.297,4201786.832,46.953,15.117,11
1203,620260.691,4201786.513,45.039,12.969,11
1204,620265.209,4201786.78,43.477,11.445,11
1205,620270.063,4201787.501,35.469,3.906,11
1206,620274.319,4201787.141,37.031,7.266,11
1207,620278.971,4201786.949,40.469,10.547,11
1208,620284.057,4201786.659,36.953,7.305,11
1209,620288.649,4201786.964,34.961,5.82,11
1210,620293.023,4201787.332,33.633,4.375,11
1211,620297.78,4201787.225,36.484,6.914,11
1212,620302.599,4201786.98,35.742,7.539,11
1213,620307.355,4201786.631,33.789,6.016,11
1214,620312.411,4201786.668,31.563,2.969,11
1215,620317.307,4201787.169,27.578,2.344,11
1216,620322.198,4201787.402,28.828,3.75,11
1217,620326.7,4201787.211,29.453,4.102,11
1218,620331.624,4201787.153,27.773,3.672,11
1219,620336.191,4201787.109,28.359,2.188,11
1220,620340.652,4201787.384,27.148,2.813,11
1221,620345.498,4201786.881,27.383,2.5,11
1222,620350.523,4201786.853,29.414,3.125,11
1223,620355.012,4201786.903,30.078,4.141,11
1224,620359.987,4201787.417,30.195,4.609,11
1225,620364.969,4201787.201,31.133,2.422,11
1226,620369.753,4201787.063,30.195,3.672,11
1227,620374.672,4201787.134,31.328,4.336,11
1228,620379.404,4201787.645,32.188,4.57,11
1229,620383.836,4201787.446,29.883,3.828,11
1230,620388.44,4201787.682,33.008,5.117,11
1231,620393.19,4201787.167,35.156,7.461,11
1232,620398.112,4201787.651,32.656,6.914,11
1233,620402.38,4201787.231,35,7.344,11
1234,620406.103,4201787.508,39.219,8.281,11
1235,620411.172,4201787.657,40.898,11.172,11
1236,620415.514,4201787.544,35.625,6.094,11
1237,620419.302,4201787.846,36.68,6.211,11
1238,620422.112,4201787.537,37.422,8.516,11
1239,620422.046,4201783.566,39.258,8.32,11
1240,620421.622,4201777.793,37.969,6.406,11
1241,620420.494,4201772.645,37.383,7.07,11
1242,620420.205,4201767.669,39.375,7.852,11
1243,620419.419,4201764.184,38.789,7.734,11
1244,620419.157,4201759.645,40.078,11.133,11
1245,620417.431,4201755.63,38.75,8.867,12
1246,620413.182,4201756.136,52.734,22.305,12
1247,620409.89,4201756.211,56.563,25.508,12
1248,620409.509,4201756.358,56.094,29.336,12
1249,620409.215,4201755.969,48.594,14.453,12
1250,620405.293,4201755.886,46.641,14.648,12
1251,620400.966,4201755.691,47.461,17.539,12
1252,620396.353,4201755.57,38.164,9.805,12
1253,620391.929,4201755.814,43.672,14.297,12
1254,620387.804,4201755.838,39.648,12.031,12
1255,620382.958,4201755.741,34.844,7.969,12
1256,620378.444,4201755.857,36.445,9.375,12
1257,620373.986,4201755.432,35.703,6.992,12
1258,620369.092,4201755.556,33.984,6.133,12
1259,620364.525,4201755.167,28.711,3.242,12
1260,620360.42,4201755.163,27.148,1.953,12
1261,620355.841,4201755.373,30,3.438,12
1262,620351.113,4201755.397,31.914,6.836,12
1263,620346.358,4201755.395,31.25,4.57,12
1264,620341.579,4201755.259,31.133,6.25,12
1265,620337.102,4201755.159,26.641,3.086,12
1266,620332.599,4201755.278,28.086,1.641,12
1267,620327.913,4201755.396,31.875,5.625,12
1268,620323.322,4201755.5,35.703,8.047,12
1269,620318.715,4201755.359,31.758,5.391,12
1270,620314.276,4201755.414,34.57,7.148,12
1271,620309.814,4201755.094,32.891,4.688,12
1272,620305.45,4201755.224,34.648,7.852,12
1273,620301.037,4201754.936,42.617,12.148,12
1274,620296.631,4201755.037,40.938,11.016,12
1275,620291.874,4201755.067,42.578,11.797,12
1276,620287.003,4201755.237,47.891,15.586,12
1277,620282.691,4201754.993,36.563,6.25,12
1278,620277.812,4201754.885,36.523,7.031,12
1279,620272.627,4201754.863,44.102,11.992,12
1280,620268.519,4201754.681,41.172,10.82,12
1281,620263.72,4201755.055,41.211,10.234,12
1282,620259.715,4201754.844,43.711,13.398,12
1283,620255.093,4201754.895,42.656,12.266,12
1284,620250.13,4201755.04,42.656,12.422,12
1285,620245.172,4201755.227,40.273,11.055,12
1286,620240.529,4201754.759,35.352,7.266,12
1287,620235.86,4201754.766,40.82,10.234,12
1288,620231.275,4201754.954,36.523,8.203,12
1289,620226.882,4201754.525,37.578,8.359,12
1290,620222.218,4201754.565,38.75,9.805,12
1291,620217.625,4201754.917,41.406,11.836,12
1292,620212.65,4201754.836,44.805,14.258,12
1293,620208.151,4201754.883,42.305,11.719,12
1294,620203.6,4201754.836,35.781,8.047,12
1295,620198.891,4201754.893,36.68,8.516,12
1296,620194.563,4201754.944,35.234,7.461,12
1297,620190.06,4201754.76,34.18,5.82,12
1298,620185.465,4201754.964,36.055,9.922,12
1299,620180.751,4201754.984,32.5,5.977,12
1300,620176.134,4201754.823,32.266,6.25,12
1301,620171.624,4201754.77,28.516,3.281,12
1302,620166.635,4201754.799,26.602,0.0001,12
1303,620161.803,4201754.762,28.516,4.023,12
1304,620157.265,4201754.635,31.914,6.094,12
1305,620152.244,4201754.197,29.844,4.336,12
1306,620147.624,4201754.329,31.563,5.078,12
1307,620143.256,4201754.664,30.742,4.844,12
1308,620138.404,4201754.613,28.047,4.492,12
1309,620133.902,4201754.529,26.992,3.438,12
1310,620129.044,4201754.651,32.734,7.891,12
1311,620124.702,4201754.278,31.133,6.484,12
1312,620120.351,4201754.153,37.852,7.852,12
1313,620115.828,4201754.253,40.313,10.625,12
1314,620111.3,4201754.266,34.883,8.281,12
1315,620106.844,4201754.617,37.969,9.766,12
1316,620102.648,4201754.305,35.898,7.93,12
1317,620098.17,4201754.23,34.57,6.68,12
1318,620093.793,4201754.459,29.414,3.711,12
1319,620089.227,4201754.235,31.641,4.727,12
1320,620085.109,4201754.158,34.453,6.992,12
1321,620080.755,4201754.221,33.477,6.836,12
1322,620076.388,4201754.249,33.047,6.328,12
1323,620071.965,4201754.409,32.891,5.898,12
1324,620067.477,4201754.161,28.047,3.438,12
1325,620062.992,4201754.253,29.766,2.617,12
1326,620058.525,4201754.135,31.484,6.172,12
1327,620053.869,4201754.199,25.82,2.344,12
1328,620049.77,4201754.198,29.18,5.078,12
1329,620045.548,4201754.099,33.633,6.406,12
1330,620041.432,4201754.224,35.156,8.047,12
1331,620037.189,4201753.986,36.992,7.539,12
1332,620033.083,4201754.038,37.813,11.133,12
1333,620028.596,4201754.013,33.594,6.914,12
1334,620023.966,4201753.88,32.813,7.383,12
1335,620019.957,4201754.039,27.461,3.242,12
1336,620015.686,4201754.273,26.875,1.641,12
1337,620011.382,4201754.02,23.75,1.289,12
1338,620006.941,4201754.433,25.547,2.344,12
1339,620002.607,4201754.346,31.406,5.391,12
1340,619997.836,4201753.986,32.188,5.859,12
1341,619993.594,4201754.038,32.227,5.078,12
1342,619989.172,4201754.1,30.664,3.398,12
1343,619984.777,4201753.579,31.641,3.555,12
1344,619980.34,4201753.623,34.414,4.766,12
1345,619975.969,4201754.163,37.813,8.086,12
1346,619973.993,4201753.716,34.375,4.805,12
1347,619974.136,4201753.791,48.086,18.711,12
1348,619974.135,4201753.275,45.039,15.781,12
1349,619974.847,4201753.556,32.773,4.023,12
1350,619974.452,4201750.529,35.977,5.977,12
1351,619974.201,4201746.328,34.883,5.742,12
1352,619973.92,4201742.327,35,5.625,12
1353,619973.593,4201738.086,30.469,2.852,12
1354,619973.131,4201732.461,27.148,0.117,12
1355,619972.257,4201728.303,33.32,4.336,12
1356,619971.562,4201723.119,33.125,3.906,13
1357,619974.787,4201721.511,33.359,4.727,13
1358,619976.795,4201721.966,29.766,3.086,13
1359,619980.755,4201721.729,24.219,0.078,13
1360,619985.022,4201721.505,23.945,0.0001,13
1361,619989.162,4201721.411,22.578,0.0001,13
1362,619993.182,4201721.507,23.672,0.0001,13
1363,619996.086,4201721.762,25.508,0.898,13
1364,619999.866,4201721.679,31.328,3.867,13
1365,620004.559,4201721.393,32.109,5.039,13
1366,620008.686,4201721.583,34.727,5.625,13
1367,620012.992,4201721.648,35.547,7.07,13
1368,620017.166,4201721.483,31.797,3.555,13
1369,620021.498,4201721.845,33.945,5.156,13
1370,620026.204,4201721.845,33.906,5.195,13
1371,620030.754,4201721.633,33.203,4.883,13
1372,620034.987,4201721.599,36.25,6.719,13
1373,620039.303,4201721.518,33.164,4.688,13
1374,620043.836,4201721.486,28.789,1.328,13
1375,620047.864,4201721.725,25.273,0.391,13
1376,620052.201,4201721.891,25.781,0.82,13
1377,620056.896,4201722.075,27.148,0.547,13
1378,620060.961,4201721.764,26.484,1.172,13
1379,620065.484,4201721.468,27.617,2.539,13
1380,620070.129,4201721.482,28.867,2.461,13
1381,620074.695,4201721.716,33.086,5.938,13
1382,620079.061,4201721.678,31.367,3.086,13
1383,620083.106,4201721.95,38.398,10,13
1384,620087.626,4201721.616,37.305,9.102,13
1385,620091.955,4201721.719,44.57,12.969,13
1386,620096.927,4201721.711,42.695,12.813,13
1387,620101.128,4201722.232,41.992,11.445,13
1388,620105.424,4201722.194,38.242,9.922,13
1389,620109.943,4201721.675,37.891,8.555,13
1390,620114.541,4201721.786,39.883,9.805,13
1391,620118.59,4201721.966,35.703,6.68,13
1392,620123.344,4201721.726,34.063,8.203,13
1393,620127.4,4201722.022,35.859,7.344,13
1394,620131.994,4201722.23,34.805,7.305,13
1395,620136.079,4201722.135,33.281,5.469,13
1396,620140.234,4201722.435,32.344,5.938,13
1397,620144.807,4201722.195,33.867,6.055,13
1398,620149.027,4201722.209,33.398,6.797,13
1399,620153.569,4201722.18,33.711,5.859,13
1400,620157.821,4201722.348,36.406,7.891,13
1401,620162.258,4201722.281,35.547,7.461,13
1402,620166.528,4201722.066,33.984,6.406,13
1403,620170.593,4201722.314,35.547,5.43,13
1404,620174.877,4201722.493,37.969,7.461,13
1405,620178.749,4201722.043,33.555,5.742,13
1406,620182.829,4201722.25,31.523,3.945,13
1407,620186.716,4201722.159,32.227,4.219,13
1408,620190.085,4201722.515,34.727,7.031,13
1409,620194.381,4201722.356,33.906,6.68,13
1410,620198.481,4201722.436,32.93,5.273,13
1411,620202.55,4201722.666,34.375,5.547,13
1412,620206.563,4201722.674,33.359,7.188,13
1413,620210.808,4201722.366,36.25,6.523,13
1414,620214.976,4201722.372,35.82,7.305,13
1415,620218.977,4201722.695,36.094,8.008,13
1416,620222.976,4201722.694,34.688,5.82,13
1417,620227.392,4201722.605,37.695,9.57,13
1418,620231.379,4201722.881,37.422,7.93,13
1419,620235.307,4201722.603,36.367,8.398,13
1420,620239.746,4201722.338,37.891,8.516,13
1421,620244.288,4201722.405,38.594,8.906,13
1422,620248.517,4201722.693,42.461,11.602,13
1423,620252.506,4201722.635,43.398,11.797,13
1424,620257.042,4201722.594,39.375,10.313,13
1425,620261.486,4201722.748,40.703,10.977,13
1426,620265.769,4201722.868,42.734,10.742,13
1427,620270.23,4201722.677,38.555,9.219,13
1428,620274.427,4201722.72,40.273,9.023,13
1429,620279.092,4201722.785,37.734,6.914,13
1430,620283.492,4201722.733,39.258,8.125,13
1431,620288.009,4201722.602,36.875,7.227,13
1432,620292.291,4201722.68,37.422,8.008,13
1433,620296.917,4201723.025,35,6.719,13
1434,620301.427,4201723.242,36.367,6.211,13
1435,620306.273,4201722.926,36.094,7.578,13
1436,620310.501,4201722.836,36.406,8.281,13
1437,620314.776,4201722.816,37.773,8.398,13
1438,620319.307,4201722.92,36.523,8.164,13
1439,620323.727,4201722.817,33.32,6.016,13
1440,620328.286,4201722.844,32.188,4.336,13
1441,620332.002,4201723.233,31.992,5.156,13
1442,620337.069,4201723.282,34.57,6.445,13
1443,620341.674,4201722.822,30.859,4.609,13
1444,620346.064,4201722.981,30.625,4.531,13
1445,620350.622,4201722.9,31.914,5.469,13
1446,620354.908,4201723.306,32.227,5.273,13
1447,620359.551,4201722.677,33.164,5.664,13
1448,620363.36,4201723.218,32.109,4.531,13
1449,620367.686,4201723.248,33.008,5.898,13
1450,620372.448,4201723.216,33.75,6.68,13
1451,620376.918,4201723.197,34.141,5.82,13
1452,620381.256,4201722.997,34.063,4.531,13
1453,620385.425,4201723.231,34.57,6.055,13
1454,620389.83,4201723.125,33.828,6.484,13
1455,620394.022,4201722.91,33.945,6.602,13
1456,620398.637,4201723.228,40,8.789,13
1457,620402.877,4201723.19,39.414,8.75,13
1458,620406.9,4201723.578,36.172,5.391,13
1459,620410.118,4201723.524,42.93,14.102,13
1460,620411.25,4201723.986,47.344,19.453,13
1461,620411.148,4201723.044,36.25,19.023,13
1462,620410.674,4201722.868,41.641,11.445,13
1463,620410.21,4201721.528,35.82,6.523,13
1464,620410.032,4201717.234,34.492,4.18,13
1465,620409.175,4201712.533,35.117,5.156,13
1466,620407.92,4201706.408,28.945,1.133,13
1467,620406.378,4201701.375,27.891,0.43,13
1468,620404.322,4201698.144,29.961,2.852,13
1469,620401.817,4201693.433,31.445,2.773,14
1470,620398.247,4201692.175,29.414,1.758,14
1471,620393.483,4201691.777,33.594,4.375,14
1472,620388.559,4201692.032,41.875,10.039,14
1473,620383.863,4201691.876,34.102,5.82,14
1474,620379.297,4201691.844,32.109,4.023,14
1475,620374.594,4201692.315,30.781,2.852,14
1476,620369.91,4201692.131,33.359,6.133,14
1477,620365.106,4201691.99,33.242,6.016,14
1478,620360.276,4201692.02,31.836,4.336,14
1479,620355.382,4201691.977,29.219,2.656,14
1480,620350.753,4201691.86,31.094,4.883,14
1481,620346.049,4201691.822,31.445,4.492,14
1482,620341.443,4201691.811,35.117,5.938,14
1483,620336.867,4201691.807,31.992,4.258,14
1484,620332.665,4201692.066,32.305,3.398,14
1485,620328.343,4201691.816,32.422,5.156,14
1486,620323.401,4201691.819,30.742,5.313,14
1487,620318.73,4201691.759,34.766,6.25,14
1488,620314.268,4201691.934,35.938,7.773,14
1489,620309.281,4201691.785,32.891,5.742,14
1490,620304.839,4201691.872,36.758,9.375,14
1491,620300.483,4201691.845,38.477,8.477,14
1492,620300.295,4201692.607,48.75,21.914,14
1493,620299.705,4201692.129,48.906,20.508,14
1494,620296.854,4201691.518,39.688,8.984,14
1495,620292.749,4201691.62,34.219,5.625,14
1496,620288.222,4201691.738,34.219,4.883,14
1497,620283.725,4201691.777,37.734,9.414,14
1498,620278.952,4201691.524,35.977,7.539,14
1499,620274.204,4201691.444,36.484,8.75,14
1500,620269.464,4201691.624,36.328,7.852,14
1501,620264.345,4201691.634,37.227,7.617,14
1502,620259.605,4201691.549,38.125,9.531,14
1503,620254.888,4201691.48,39.648,10.039,14
1504,620250.013,4201691.577,37.891,9.336,14
1505,620245.187,4201691.547,37.734,10.43,14
1506,620240.406,4201691.817,36.914,8.086,14
1507,620235.532,4201691.374,35.43,6.914,14
1508,620230.812,4201691.549,35.352,6.484,14
1509,620225.905,4201691.547,37.578,10.781,14
1510,620221.056,4201691.4,38.984,10.508,14
1511,620216.417,4201691.24,39.102,8.125,14
1512,620211.655,4201691.597,40.859,9.609,14
1513,620206.705,4201691.34,40.664,9.336,14
1514,620202.023,4201691.323,40.313,10.078,14
1515,620197.359,4201691.376,34.922,6.211,14
1516,620192.406,4201691.248,35.508,7.891,14
1517,620187.668,4201691.107,33.516,5.82,14
1518,620183.215,4201691.218,33.32,5.898,14
1519,620178.685,4201691.608,31.953,5.859,14
1520,620173.883,4201691.484,28.047,2.383,14
1521,620169.385,4201690.863,30.664,4.609,14
1522,620164.801,4201691.042,36.172,8.906,14
1523,620160.157,4201691.249,30.391,5.078,14
1524,620155.395,4201691.299,30.938,4.609,14
1525,620150.963,4201691.008,32.734,5.234,14
1526,620146.279,4201691.085,32.266,5.352,14
1527,620141.737,4201690.992,31.953,4.57,14
1528,620136.852,4201691.076,31.094,4.18,14
1529,620132.106,4201691.065,33.555,6.25,14
1530,620127.413,4201690.981,27.93,2.695,14
1531,620122.88,4201691.183,29.688,4.766,14
1532,620118.109,4201690.966,30.625,5.742,14
1533,620113.398,4201690.708,32.383,5.938,14
1534,620108.764,4201691.047,32.813,6.758,14
1535,620103.892,4201691.226,33.242,7.109,14
1536,620099.207,4201691.058,37.773,8.867,14
1537,620094.224,4201691.128,38.516,9.336,14
1538,620089.361,4201691.261,35.391,8.984,14
1539,620084.719,4201690.881,28.672,3.516,14
1540,620079.901,4201691.118,30.234,4.453,14
1541,620075.19,4201691.311,25.156,1.523,14
1542,620070.315,4201690.636,25.352,0.781,14
1543,620065.846,4201690.877,27.656,2.93,14
1544,620061.25,4201691.354,31.055,6.055,14
1545,620056.376,4201691.005,31.211,5.508,14
1546,620051.639,4201690.773,30.195,3.906,14
1547,620046.851,4201690.764,30.898,5.938,14
1548,620041.866,4201691.049,28.867,3.789,14
1549,620036.992,4201690.875,29.883,3.984,14
1550,620032.138,4201690.988,30.938,4.219,14
1551,620027.172,4201690.955,33.477,6.211,14
1552,620022.31,4201690.76,32.109,5.859,14
1553,620017.206,4201690.747,34.844,7.422,14
1554,620012.507,4201690.795,32.773,6.133,14
1555,620007.651,4201690.781,30.43,4.375,14
1556,620002.717,4201690.733,32.344,5.156,14
1557,619997.748,4201691.153,29.219,3.086,14
1558,619992.649,4201690.529,28.203,2.07,14
1559,619987.473,4201690.684,28.32,3.477,14
1560,619982.809,4201690.68,26.914,0.195,14
1561,619978.266,4201690.511,31.758,3.672,14
1562,619973.454,4201690.569,28.164,0.625,14
1563,619969.649,4201690.703,30.039,2.891,14
1564,619967.511,4201691.185,43.672,22.148,14
1565,619968.03,4201690.875,43.164,22.422,14
1566,619967.622,4201690.418,33.281,8.633,14
1567,619967.16,4201690.107,35.273,8.867,14
1568,619967.425,4201687.395,36.367,10.703,14
1569,619967.106,4201682.403,37.617,11.68,14
1570,619967.225,4201677.608,36.992,11.68,14
1571,619966.387,4201674.465,34.414,9.102,14
1572,619966.136,4201668.804,35.352,10.234,14
1573,619965.297,4201664.065,34.844,9.727,14
1574,619964.551,4201659.86,35.117,9.492,15
1575,619967.973,4201658.607,34.922,10.43,15
1576,619971.608,4201658.106,34.258,10.859,15
1577,619976.416,4201657.408,33.125,8.359,15
1578,619980.979,4201657.571,31.25,8.867,15
1579,619985.306,4201657.873,30.391,8.906,15
1580,619989.364,4201658.054,31.094,7.539,15
1581,619993.767,4201658.338,31.797,8.281,15
1582,619998.186,4201658.092,31.328,8.516,15
1583,620002.577,4201657.936,32.617,9.492,15
1584,620007.516,4201657.839,34.922,11.523,15
1585,620011.865,4201658.395,40.938,15.898,15
1586,620016.401,4201657.926,36.406,12.578,15
1587,620021.063,4201658.153,37.344,12.188,15
1588,620025.607,4201658.177,37.969,13.828,15
1589,620030.391,4201658.137,38.984,13.789,15
1590,620035.163,4201658.237,36.914,11.406,15
1591,620040.125,4201658.259,35.078,10.469,15
1592,620044.706,4201658.119,32.969,8.32,15
1593,620048.966,4201658.428,29.57,6.484,15
1594,620053.674,4201658.408,31.484,8.32,15
1595,620058.252,4201658.354,32.305,9.766,15
1596,620063.066,4201658.431,32.031,10.43,15
1597,620067.54,4201658.323,34.219,9.922,15
1598,620072.2,4201658.391,33.594,9.375,15
1599,620076.601,4201658.479,36.797,14.688,15
1600,620080.253,4201657.956,34.102,13.125,15
1601,620084.959,4201658.409,33.438,10.195,15
1602,620089.73,4201658.521,34.922,9.961,15
1603,620094.654,4201658.576,36.172,10.664,15
1604,620099.628,4201658.326,39.57,12.891,15
1605,620104.345,4201658.142,36.914,10.664,15
1606,620108.988,4201658.356,36.172,10.039,15
1607,620114.025,4201658.451,34.492,10.469,15
1608,620118.648,4201658.89,35.078,11.055,15
1609,620123.489,4201659.002,33.555,9.219,15
1610,620128.795,4201658.326,34.609,11.563,15
1611,620133.118,4201658.402,33.477,8.906,15
1612,620137.896,4201658.662,33.125,9.063,15
1613,620142.265,4201658.737,33.438,8.555,15
1614,620146.586,4201659.015,35.313,10.586,15
1615,620150.905,4201658.683,32.344,8.711,15
1616,620155.79,4201658.283,32.031,8.047,15
1617,620160.751,4201658.98,33.516,10.586,15
1618,620165.118,4201658.91,34.297,10.156,15
1619,620170.107,4201658.737,32.656,9.414,15
1620,620174.336,4201658.871,35.508,11.445,15
1621,620179.303,4201658.716,36.68,11.719,15
1622,620183.956,4201659.182,36.836,11.719,15
1623,620188.651,4201659.271,36.563,11.406,15
1624,620193.436,4201659.265,37.813,11.758,15
1625,620198.17,4201658.785,37.891,11.953,15
1626,620202.935,4201658.936,39.219,12.891,15
1627,620207.666,4201659.134,32.93,10.078,15
1628,620212.014,4201659.1,35.156,10.469,15
1629,620216.758,4201659.328,34.063,9.727,15
1630,620221.397,4201659.248,33.125,8.906,15
1631,620226.261,4201658.86,37.266,11.602,15
1632,620231.097,4201658.878,34.258,8.359,15
1633,620235.445,4201659.088,32.344,10.391,15
1634,620240.403,4201659.501,33.047,9.57,15
1635,620245.35,4201659.028,31.133,7.07,15
1636,620249.841,4201658.875,32.07,6.758,15
1637,620254.535,4201659.201,32.031,8.125,15
1638,620259.195,4201659.504,29.063,6.797,15
1639,620264.055,4201658.882,29.492,6.523,15
1640,620269.102,4201658.837,29.648,7.109,15
1641,620274.315,4201659.258,31.758,8.867,15
1642,620279.066,4201659.648,32.578,7.734,15
1643,620284.097,4201659.37,33.281,9.18,15
1644,620288.898,4201659.172,33.906,8.984,15
1645,620293.792,4201659.129,35.781,9.414,15
1646,620298.665,4201659.288,35.352,10.859,15
1647,620303.2,4201659.533,33.047,9.492,15
1648,620307.945,4201659.511,34.219,8.242,15
1649,620312.491,4201659.653,33.828,9.766,15
1650,620316.941,4201659.811,35.938,7.734,15
1651,620321.78,4201659.388,35.352,9.219,15
1652,620325.976,4201659.523,34.688,8.477,15
1653,620330.408,4201659.376,33.32,7.852,15
1654,620335.068,4201659.07,33.945,8.516,15
1655,620339.414,4201658.905,32.109,7.695,15
1656,620343.508,4201659.57,33.828,9.297,15
1657,620348.161,4201659.472,36.289,8.711,15
1658,620352.647,4201659.407,35.508,7.891,15
1659,620357.14,4201659.393,38.398,11.211,15
1660,620361.868,4201659.303,35.508,8.984,15
1661,620366.523,4201659.382,34.766,9.141,15
1662,620370.477,4201659.462,33.75,6.953,15
1663,620374.778,4201659.565,35.039,9.141,15
1664,620378.576,4201659.575,35.469,8.281,15
1665,620378.996,4201657.973,34.688,6.484,15
1666,620376.578,4201654.172,31.836,5.313,15
1667,620374.794,4201650.908,32.266,6.211,15
1668,620372.019,4201647.835,32.109,5.664,15
1669,620369.932,4201644.779,32.461,4.883,15
1670,620367.962,4201641.464,34.57,7.422,15
1671,620365.053,4201637.27,33.633,4.375,15
1672,620362.717,4201634.038,29.258,3.906,15
1673,620360.491,4201630.694,29.766,2.578,15
1674,620357.755,4201627.882,36.836,9.336,16
1675,620353.581,4201628.058,31.641,6.602,16
1676,620349.876,4201627.905,30.703,4.883,16
1677,620346.016,4201628.02,33.633,8.008,16
1678,620341.872,4201627.967,33.164,8.906,16
1679,620337.833,4201627.929,31.992,7.031,16
1680,620333.85,4201627.641,35.078,9.883,16
1681,620330.038,4201627.67,32.578,7.227,16
1682,620325.945,4201628.043,32.813,7.422,16
1683,620321.725,4201627.909,30.664,6.172,16
1684,620317.304,4201627.901,31.758,6.25,16
1685,620313.177,4201627.594,31.172,6.836,16
1686,620309.116,4201627.756,30.273,6.172,16
1687,620304.693,4201627.877,33.438,10.078,16
1688,620300.991,4201627.513,32.148,8.125,16
1689,620296.389,4201627.558,32.109,5.82,16
1690,620292.017,4201627.476,34.063,7.227,16
1691,620288.015,4201627.201,30.664,6.563,16
1692,620283.342,4201627.859,33.32,8.477,16
1693,620279.537,4201627.348,30.781,5.664,16
1694,620275.155,4201627.572,30.742,5.82,16
1695,620270.802,4201627.666,31.602,6.133,16
1696,620266.766,4201627.559,32.773,6.484,16
1697,620262.849,4201627.788,29.258,4.219,16
1698,620258.699,4201628.195,30.82,6.367,16
1699,620254.264,4201627.985,32.344,6.133,16
1700,620250.606,4201627.839,31.016,5.039,16
1701,620246.22,4201627.588,30.586,5.391,16
1702,620243.307,4201627.997,29.688,5.82,16
1703,620239.494,4201627.465,30.898,5.82,16
1704,620234.971,4201627.738,32.148,6.953,16
1705,620230.863,4201627.652,29.258,5.234,16
1706,620226.579,4201627.244,31.992,7.227,16
1707,620222.581,4201627.396,28.789,4.805,16
1708,620218.17,4201627.061,29.258,4.297,16
1709,620213.99,4201627.39,28.945,4.805,16
1710,620209.803,4201627.114,32.109,6.289,16
1711,620206.101,4201627.074,33.32,7.148,16
1712,620202.643,4201627.056,36.289,9.727,16
1713,620198.558,4201627.175,33.008,6.25,16
1714,620194.698,4201627.17,32.656,8.477,16
1715,620190.572,4201627.091,33.242,6.602,16
1716,620186.76,4201627.309,32.344,7.188,16
1717,620182.785,4201627.394,33.203,5.078,16
1718,620178.983,4201626.969,32.227,5.508,16
1719,620175.001,4201627.149,31.25,3.828,16
1720,620171.459,4201627.199,34.922,7.227,16
1721,620167.418,4201627.35,36.133,8.047,16
1722,620163.275,4201627.615,32.578,6.641,16
1723,620159.272,4201627.088,35.859,8.438,16
1724,620155.169,4201627.133,35,8.789,16
1725,620151.127,4201627.075,38.438,11.875,16
1726,620146.892,4201627.314,34.727,6.133,16
1727,620142.48,4201627.189,36.055,7.93,16
1728,620138.214,4201627.126,34.609,7.695,16
1729,620134.399,4201626.791,36.563,7.695,16
1730,620129.691,4201626.888,37.227,10.469,16
1731,620125.112,4201627.065,36.992,8.359,16
1732,620120.989,4201627.131,36.992,9.57,16
1733,620116.866,4201626.818,35.039,6.758,16
1734,620112.881,4201626.937,36.25,8.867,16
1735,620109.008,4201626.726,35.898,7.695,16
1736,620104.43,4201626.996,36.602,8.672,16
1737,620099.563,4201627.157,37.266,8.633,16
1738,620095.577,4201626.653,35.313,6.25,16
1739,620091.35,4201626.475,35.547,8.281,16
1740,620086.864,4201626.675,35.078,6.836,16
1741,620082.373,4201626.558,36.484,8.281,16
1742,620077.842,4201626.593,36.875,9.063,16
1743,620073.134,4201626.871,37.031,9.531,16
1744,620068.992,4201626.809,34.063,6.563,16
1745,620064.768,4201626.602,35.156,7.617,16
1746,620060.899,4201626.778,35.938,7.266,16
1747,620056.269,4201627.015,37.148,8.672,16
1748,620051.786,4201626.72,35.391,7.852,16
1749,620047.113,4201626.95,36.094,8.711,16
1750,620042.865,4201626.642,33.32,7.109,16
1751,620038.111,4201626.677,35.195,7.266,16
1752,620034.26,4201626.509,34.141,7.734,16
1753,620030.014,4201626.496,33.125,7.266,16
1754,620025.911,4201626.32,33.984,7.305,16
1755,620021.343,4201626.271,36.016,9.531,16
1756,620016.684,4201626.139,35.977,7.969,16
1757,620012.417,4201626.289,35.391,8.398,16
1758,620007.911,4201626.275,40.391,14.609,16
1759,620003.54,4201626.42,38.086,9.414,16
1760,619999.533,4201626.523,36.445,8.398,16
1761,619995.456,4201626.245,33.633,4.258,16
1762,619991.571,4201626.315,33.281,4.57,16
1763,619986.847,4201626.401,33.164,7.617,16
1764,619982.437,4201626.555,33.242,7.344,16
1765,619978.143,4201626.64,31.563,5.82,16
1766,619973.759,4201626.337,35.898,8.32,16
1767,619969.645,4201626.516,33.438,4.492,16
1768,619965.593,4201626.385,34.805,5.82,16
1769,619961.521,4201626.631,36.211,6.484,16
1770,619961.27,4201626.008,43.203,14.219,16
1771,619960.802,4201625.877,41.211,12.852,16
1772,619961.115,4201624.472,29.766,1.484,16
1773,619960.959,4201623.93,28.125,1.484,16
1774,619960.668,4201620.47,33.516,6.211,16
1775,619959.735,4201616.743,34.063,4.844,16
1776,619959.141,4201611.811,32.617,4.805,16
1777,619958.314,4201606.941,34.18,4.844,16
1778,619957.662,4201602.257,40.273,6.719,16
1779,619957.05,4201598.32,38.203,8.438,16
1780,619957.47,4201593.838,37.227,5.469,17
1781,619961.384,4201593.615,37.188,8.477,17
1782,619966.162,4201593.564,32.813,5.039,17
1783,619970.312,4201593.698,32.07,4.023,17
1784,619974.094,4201593.775,26.641,1.992,17
1785,619978.497,4201593.289,28.32,2.695,17
1786,619983.14,4201593.637,28.672,3.984,17
1787,619987.617,4201593.645,29.531,8.672,17
1788,619992.134,4201593.553,29.727,3.516,17
1789,619996.627,4201594.088,30.352,4.18,17
1790,620001.197,4201593.958,32.891,5.898,17
1791,620005.919,4201593.291,35,7.656,17
1792,620010.646,4201593.474,33.555,6.523,17
1793,620015.379,4201593.777,29.531,3.867,17
1794,620019.489,4201594.058,28.008,4.063,17
1795,620023.616,4201593.929,31.445,8.008,17
1796,620028.201,4201593.798,31.445,5.234,17
1797,620032.813,4201593.753,31.602,4.258,17
1798,620037.203,4201593.348,28.594,2.969,17
1799,620041.743,4201594.342,33.672,7.617,17
1800,620046.329,4201594.4,32.422,5.391,17
1801,620050.855,4201593.741,31.523,4.57,17
1802,620056.091,4201593.578,32.5,6.367,17
1803,620060.782,4201594.413,35.391,7.344,17
1804,620065.049,4201593.971,34.922,6.367,17
1805,620069.17,4201594.204,36.719,8.75,17
1806,620073.979,4201594.12,40.391,13.242,17
1807,620078.438,4201594.139,37.031,8.789,17
1808,620082.883,4201594.289,36.016,8.125,17
1809,620087.423,4201594.317,34.727,7.148,17
1810,620092.074,4201594.025,33.711,7.656,17
1811,620096.703,4201594.138,35.195,6.953,17
1812,620101.156,4201594.122,35.82,6.914,17
1813,620105.472,4201594.378,35.352,7.266,17
1814,620110.275,4201594.198,37.891,10.156,17
1815,620114.968,4201594.296,40.938,9.492,17
1816,620119.254,4201594.366,44.023,13.555,17
1817,620123.638,4201594.145,44.18,13.75,17
1818,620128.246,4201594.436,38.086,7.969,17
1819,620132.83,4201594.265,39.531,10.781,17
1820,620137.322,4201594.489,36.133,8.359,17
1821,620141.632,4201594.348,35.469,7.656,17
1822,620146.139,4201594.557,37.305,8.984,17
1823,620150.697,4201594.16,34.844,7.109,17
1824,620154.912,4201594.333,31.797,3.711,17
1825,620159.72,4201594.534,36.563,9.414,17
1826,620164.04,4201594.519,30.508,6.875,17
1827,620168.608,4201594.477,31.445,7.109,17
1828,620173.272,4201594.538,30.703,6.836,17
1829,620178.015,4201594.523,30.977,5.469,17
1830,620182.475,4201594.46,33.75,9.141,17
1831,620186.719,4201594.495,33.203,6.563,17
1832,620191.07,4201594.276,35.703,7.109,17
1833,620195.155,4201593.997,34.453,6.484,17
1834,620198.373,4201594.344,34.063,7.148,17
1835,620202.128,4201594.688,31.445,6.406,17
1836,620206.524,4201594.702,30.313,4.648,17
1837,620210.903,4201595.072,33.125,6.25,17
1838,620215.097,4201594.837,29.648,5.352,17
1839,620219.565,4201594.525,32.383,8.555,17
1840,620224.048,4201594.681,31.953,7.266,17
1841,620228.021,4201594.789,29.18,6.563,17
1842,620232.483,4201594.835,29.375,4.961,17
1843,620236.864,4201595.065,31.953,6.016,17
1844,620241.023,4201594.663,28.477,2.852,17
1845,620245.386,4201594.79,27.617,2.383,17
1846,620249.606,4201594.825,29.453,4.961,17
1847,620253.87,4201594.858,33.125,6.055,17
1848,620258.34,4201594.8,31.016,4.57,17
1849,620262.821,4201595.064,30.859,6.602,17
1850,620267.309,4201595.05,29.258,6.289,17
1851,620271.516,4201595.171,28.359,3.281,17
1852,620275.601,4201595.266,28.867,5.117,17
1853,620280.219,4201595.117,24.688,1.094,17
1854,620284.454,4201594.601,25.391,1.172,17
1855,620289.007,4201594.874,29.297,5.43,17
1856,620293.298,4201594.886,27.539,1.992,17
1857,620297.861,4201594.705,29.922,4.961,17
1858,620302.094,4201594.838,27.383,3.906,17
1859,620306.086,4201594.93,28.008,3.125,17
1860,620310.239,4201595.101,30.078,4.883,17
1861,620314.334,4201595.077,28.789,2.891,17
1862,620318.496,4201595.174,28.945,2.695,17
1863,620323.04,4201595.308,30.781,4.961,17
1864,620327.529,4201595.13,32.461,6.055,17
1865,620331.962,4201595.285,31.445,5.625,17
1866,620336.335,4201595.254,30.508,3.594,17
1867,620340.549,4201595.058,30.586,4.336,17
1868,620344.771,4201595.175,33.164,4.766,17
1869,620349.005,4201595.099,29.805,2.227,17
1870,620351.794,4201591.752,28.867,2.344,17
1871,620354.068,4201587.762,28.242,1.719,17
1872,620356.084,4201584.173,24.805,0.0001,17
1873,620358.95,4201580.478,22.891,0.0001,17
1874,620361.797,4201576.993,23.906,0.0001,17
1875,620364.418,4201573.167,26.719,0.703,17
1876,620367.057,4201569.866,26.992,0.508,17
1877,620369.643,4201565.922,25.586,1.055,18
1878,620369.146,4201564.333,26.602,0.195,18
1879,620364.873,4201563.739,27.734,2.734,18
1880,620360.595,4201563.668,30.43,4.023,18
1881,620356.175,4201563.481,27.813,2.227,18
1882,620351.402,4201563.794,29.414,3.477,18
1883,620346.948,4201563.303,30,5.391,18
1884,620342.631,4201563.196,31.758,5.703,18
1885,620339.219,4201563.15,31.016,4.375,18
1886,620335.429,4201563.39,27.07,2.813,18
1887,620331.06,4201563.519,27.891,4.414,18
1888,620326.68,4201563.574,26.758,2.617,18
1889,620322.257,4201563.625,26.68,3.242,18
1890,620317.558,4201563.57,31.68,6.719,18
1891,620313.179,4201563.378,34.023,8.984,18
1892,620308.925,4201563.299,32.227,5.586,18
1893,620304.404,4201563.416,27.891,2.891,18
1894,620300.075,4201563.382,26.367,2.852,18
1895,620295.873,4201562.875,29.063,3.984,18
1896,620291.735,4201562.993,28.125,4.609,18
1897,620289.584,4201563.861,26.641,1.719,18
1898,620285.224,4201563.402,25.508,1.133,18
1899,620280.975,4201563.31,23.906,0.391,18
1900,620276.553,4201563.533,25.586,0.313,18
1901,620272.175,4201563.053,28.75,3.672,18
1902,620267.652,4201563.287,28.516,5.313,18
1903,620263.21,4201563.531,26.719,2.969,18
1904,620258.644,4201563.456,28.242,4.453,18
1905,620254.53,4201563.578,29.375,4.18,18
1906,620250.435,4201562.95,29.648,4.961,18
1907,620246.384,4201563.212,28.711,5.313,18
1908,620241.864,4201562.604,31.992,6.914,18
1909,620237.924,4201562.973,24.141,0.859,18
1910,620233.52,4201563.137,26.133,1.914,18
1911,620228.946,4201563.196,26.563,2.734,18
1912,620224.534,4201562.807,29.609,5.117,18
1913,620220.945,4201562.826,25.625,0.0001,18
1914,620216.511,4201563.088,29.844,4.492,18
1915,620212.428,4201562.886,29.453,5,18
1916,620208.053,4201562.584,32.266,5.586,18
1917,620203.559,4201562.939,29.961,2.578,18
1918,620199.034,4201563.15,35.117,7.07,18
1919,620194.335,4201563.126,36.25,7.5,18
1920,620190.13,4201563.045,33.867,5.703,18
1921,620185.777,4201563.028,34.102,7.813,18
1922,620181.454,4201562.858,29.57,4.258,18
1923,620177.04,4201563.007,32.773,5.781,18
1924,620172.816,4201562.658,32.461,5.352,18
1925,620168.365,4201562.682,30.352,4.18,18
1926,620163.813,4201562.768,32.773,6.68,18
1927,620159.355,4201562.647,34.688,7.422,18
1928,620154.548,4201562.973,33.047,4.531,18
1929,620150.451,4201562.898,32.656,5.938,18
1930,620146.283,4201562.521,35,6.602,18
1931,620141.411,4201562.462,33.477,6.484,18
1932,620137.073,4201562.639,35.234,7.695,18
1933,620132.977,4201562.71,32.734,5.586,18
1934,620128.49,4201562.63,29.883,3.672,18
1935,620124.153,4201562.733,30.82,3.516,18
1936,620119.887,4201562.565,34.023,7.266,18
1937,620115.5,4201562.564,32.969,5.898,18
1938,620111.33,4201562.551,33.398,5.43,18
1939,620106.57,4201562.707,31.797,5.039,18
1940,620102.227,4201562.323,37.773,8.633,18
1941,620097.728,4201562.815,38.867,9.688,18
1942,620093.039,4201562.259,44.102,13.906,18
1943,620088.654,4201562.432,38.125,8.984,18
1944,620084.094,4201562.647,34.453,7.344,18
1945,620079.548,4201562.402,34.492,7.422,18
1946,620075.155,4201562.469,35.859,7.578,18
1947,620070.686,4201562.074,31.055,3.867,18
1948,620066.138,4201562.474,33.711,6.25,18
1949,620061.582,4201562.688,34.219,7.93,18
1950,620057.012,4201562.851,32.461,4.141,18
1951,620052.434,4201562.684,31.875,5.938,18
1952,620047.36,4201562.217,31.563,4.922,18
1953,620043.143,4201562.543,30.977,5.234,18
1954,620038.407,4201562.528,32.266,6.523,18
1955,620033.823,4201562.517,30.938,3.945,18
1956,620029.608,4201562.323,32.031,3.906,18
1957,620025.085,4201562.258,31.836,5.391,18
1958,620020.689,4201562.175,33.828,4.375,18
1959,620016.731,4201562.124,37.07,8.516,18
1960,620011.845,4201562.429,32.344,3.828,18
1961,620007.747,4201562.4,33.672,5.195,18
1962,620003.295,4201562.016,33.398,5.078,18
1963,619998.907,4201561.914,33.086,6.914,18
1964,619994.962,4201562.101,34.336,7.109,18
1965,619990.439,4201562.162,32.813,4.609,18
1966,619986.07,4201562.298,26.016,0.703,18
1967,619981.966,4201562.213,24.883,0.625,18
1968,619977.918,4201562.356,28.164,1.406,18
1969,619973.618,4201562.131,25.039,0.82,18
1970,619969.327,4201562.155,26.016,1.719,18
1971,619965.405,4201561.955,25.352,1.133,18
1972,619961.352,4201561.941,27.617,2.305,18
1973,619957.57,4201561.898,30.625,2.969,18
1974,619953.591,4201561.793,34.414,5.703,18
1975,619949.764,4201561.7,32.969,3.75,18
1976,619948.499,4201558.27,34.609,5,18
1977,619947.846,4201554.497,31.992,4.375,18
1978,619946.946,4201550.734,32.578,3.75,18
1979,619946.352,4201546.259,33.242,3.438,18
1980,619945.597,4201542.394,31.445,4.688,18
1981,619944.883,4201538.119,33.672,3.164,18
1982,619943.395,4201534.412,33.281,4.141,18
1983,619944.158,4201530.593,36.758,7.539,19
1984,619947.992,4201530.691,34.023,4.844,19
1985,619952.369,4201530.916,35.82,5.508,19
1986,619956.867,4201530.664,27.461,1.328,19
1987,619961.316,4201530.707,23.828,0.0001,19
1988,619965.517,4201530.431,22.109,0.0001,19
1989,619970.132,4201530.257,24.219,0.0001,19
1990,619974.569,4201530.807,24.688,0.313,19
1991,619978.696,4201530.677,25.664,0.234,19
1992,619982.978,4201530.766,26.406,0.742,19
1993,619987.294,4201530.895,24.414,0.625,19
1994,619991.097,4201530.67,26.133,0.469,19
1995,619993.115,4201530.122,30.195,2.969,19
1996,619994.481,4201529.537,22.813,0.0001,19
1997,619998.806,4201529.462,23.789,0.0001,19
1998,620003.007,4201529.275,23.242,0.0001,19
1999,620007.438,4201529.44,26.484,1.094,19
2000,620011.579,4201529.517,24.883,0.0001,19
2001,620015.741,4201529.631,27.305,0.0001,19
2002,620018.509,4201529.305,27.773,0.0001,19
2003,620020.168,4201529.48,26.445,0.0001,19
2004,620023.977,4201529.49,29.023,0.82,19
2005,620027.852,4201529.683,31.328,3.203,19
2006,620031.116,4201529.24,30.859,1.172,19
2007,620035.438,4201529.636,30.664,1.367,19
2008,620036.28,4201529.784,41.016,13.32,19
2009,620037.658,4201529.828,29.18,1.016,19
2010,620041.505,4201529.455,29.883,1.914,19
2011,620045.554,4201529.792,33.984,4.648,19
2012,620049.509,4201529.99,36.563,8.047,19
2013,620053.399,4201530.028,35.82,7.148,19
2014,620057.563,4201530.506,41.445,12.617,19
2015,620062.617,4201529.937,36.172,6.094,19
2016,620066.265,4201529.849,38.672,7.969,19
2017,620070.649,4201529.712,41.055,10.625,19
2018,620075.128,4201529.722,38.398,7.383,19
2019,620078.89,4201529.628,36.094,5.664,19
2020,620082.845,4201529.519,35.039,4.805,19
2021,620086.837,4201529.941,36.992,7.344,19
2022,620091.74,4201530.015,33.438,3.164,19
2023,620095.888,4201530.426,32.07,2.422,19
2024,620100.005,4201530.034,33.594,3.516,19
2025,620104.404,4201530.136,33.438,3.32,19
2026,620109.736,4201529.755,32.266,3.828,19
2027,620113.869,4201530.013,32.93,3.906,19
2028,620118.021,4201530.13,31.797,2.539,19
2029,620122.056,4201530.189,35.273,5.742,19
2030,620125.84,4201529.969,33.086,3.242,19
2031,620130.345,4201529.926,34.219,4.883,19
2032,620133.903,4201529.876,29.258,1.523,19
2033,620138.557,4201529.935,34.141,3.594,19
2034,620143.319,4201529.879,36.172,6.133,19
2035,620147.895,4201530.203,35.742,4.805,19
2036,620152.144,4201530.749,35.039,4.609,19
2037,620156.716,4201530.442,33.594,2.969,19
2038,620161.492,4201530.222,32.383,2.266,19
2039,620166.076,4201530.08,33.008,3.633,19
2040,620170.811,4201529.969,32.07,2.188,19
2041,620174.896,4201530.302,36.602,4.727,19
2042,620179.325,4201530.235,37.617,5.508,19
2043,620183.69,4201530.105,37.93,5.195,19
2044,620187.957,4201529.949,33.906,3.828,19
2045,620192.28,4201530.152,29.805,0.234,19
2046,620197.118,4201530.42,32.891,4.414,19
2047,620201.593,4201530.221,33.633,3.672,19
2048,620206.081,4201530.237,32.852,3.086,19
2049,620210.327,4201530.467,31.797,3.008,19
2050,620214.537,4201530.512,29.219,1.211,19
2051,620218.916,4201530.373,31.641,2.891,19
2052,620223.563,4201530.147,31.328,2.305,19
2053,620228.042,4201530.351,31.211,2.539,19
2054,620232.105,4201530.442,33.789,4.219,19
2055,620236.231,4201530.943,32.969,3.672,19
2056,620240.356,4201530.492,27.539,0.0001,19
2057,620245.269,4201530.548,30,2.695,19
2058,620249.85,4201530.246,30.742,3.242,19
2059,620253.729,4201530.764,30.078,2.227,19
2060,620258.187,4201530.632,26.719,0.0001,19
2061,620262.084,4201530.839,29.922,2.852,19
2062,620266.433,4201530.426,24.688,0.0001,19
2063,620270.887,4201530.838,26.797,0.313,19
2064,620275.171,4201530.898,29.453,1.289,19
2065,620279.468,4201530.754,30.898,1.484,19
2066,620283.985,4201530.444,30,1.484,19
2067,620288.062,4201530.504,30,1.211,19
2068,620292.4,4201530.8,29.766,0.82,19
2069,620296.532,4201531.145,28.438,1.25,19
2070,620300.923,4201531.018,27.266,0.0001,19
2071,620305.795,4201530.879,27.578,0.117,19
2072,620309.873,4201530.775,27.344,0.0001,19
2073,620314.201,4201530.913,26.367,0.0001,19
2074,620317.792,4201531.463,30.742,2.891,19
2075,620323.791,4201530.615,28.984,1.875,19
2076,620328.344,4201530.417,32.617,3.984,19
2077,620332.253,4201531.051,28.984,1.25,19
2078,620336.159,4201530.876,31.25,2.344,19
2079,620340.121,4201530.814,29.102,0.625,19
2080,620343.861,4201531.19,30.039,0.82,19
2081,620347.762,4201531.243,31.055,2.109,19
2082,620351.768,4201530.964,29.883,1.406,19
2083,620356.218,4201530.804,29.336,1.172,19
2084,620360.521,4201530.902,28.672,0.117,19
2085,620364.505,4201531.075,30.586,1.211,19
2086,620368.57,4201530.931,26.563,0.0001,19
2087,620372.391,4201530.886,26.563,0.0001,19
2088,620373.466,4201528.592,25,0.0001,19
2089,620371.697,4201524.802,23.594,0.0001,19
2090,620370.078,4201521.285,27.734,0.156,19
2091,620367.566,4201517.64,25.352,0.0001,19
2092,620365.258,4201514.374,26.68,0.0001,19
2093,620362.93,4201510.871,32.344,0.742,19
2094,620359.616,4201508.491,29.023,0.0001,20
2095,620356.62,4201506.65,26.328,0.0001,20
2096,620352.146,4201506.718,28.477,0.0001,20
2097,620347.946,4201506.265,27.93,0.0001,20
2098,620343.994,4201506.595,25.078,0.0001,20
2099,620339.539,4201506.446,28.242,0.0001,20
2100,620335.428,4201506.515,27.695,0.0001,20
2101,620330.966,4201507.424,31.719,1.875,20
2102,620326.923,4201507.554,36.406,3.438,20
2103,620323.083,4201507.712,34.297,4.063,20
2104,620318.979,4201507.606,30.625,0.0001,20
2105,620314.863,4201507.544,28.086,0.117,20
2106,620310.704,4201507.343,27.695,0.703,20
2107,620307.57,4201507.262,27.266,0.0001,20
2108,620304.829,4201507.16,33.633,2.773,20
2109,620301.481,4201507.782,31.328,2.188,20
2110,620297.541,4201507.434,30.742,0.586,20
2111,620293.3,4201507.573,30.898,3.398,20
2112,620288.9,4201507.778,30.625,1.211,20
2113,620284.761,4201507.627,28.75,0.0001,20
2114,620280.53,4201507.338,32.93,3.75,20
2115,620276.164,4201507.213,34.766,4.805,20
2116,620272.289,4201507.228,34.063,4.453,20
2117,620267.249,4201507.33,36.641,5.117,20
2118,620263.009,4201507.398,35.703,4.648,20
2119,620258.762,4201507.147,37.695,5.117,20
2120,620254.642,4201507.213,39.18,7.891,20
2121,620249.861,4201507.325,39.922,6.836,20
2122,620245.736,4201507.466,42.969,9.922,20
2123,620241.1,4201507.356,38.32,6.328,20
2124,620236.947,4201507.165,38.008,6.875,20
2125,620232.992,4201507.221,35.156,5.703,20
2126,620228.671,4201506.942,33.906,2.383,20
2127,620224.216,4201507.235,31.719,2.813,20
2128,620219.983,4201507.073,34.414,3.672,20
2129,620215.623,4201506.824,37.227,5.117,20
2130,620211.555,4201506.849,35.781,4.844,20
2131,620207.141,4201506.669,35.898,4.922,20
2132,620203.102,4201506.975,43.945,3.633,20
2133,620198.644,4201506.683,32.227,4.297,20
2134,620194.681,4201506.929,32.109,1.055,20
2135,620190.886,4201507.017,32.148,2.188,20
2136,620186.53,4201507.257,31.992,2.695,20
2137,620182.422,4201506.87,32.969,2.422,20
2138,620178.462,4201507.211,33.203,3.242,20
2139,620174.33,4201507.239,37.695,4.063,20
2140,620170.352,4201506.949,39.883,6.25,20
2141,620166.284,4201506.962,39.531,8.281,20
2142,620162.412,4201507.16,35.313,5.156,20
2143,620158.392,4201507.221,34.492,3.125,20
2144,620154.491,4201507.1,35.703,3.945,20
2145,620150.111,4201506.939,33.203,3.086,20
2146,620146.181,4201506.887,37.109,5.313,20
2147,620142.002,4201506.971,35.43,3.75,20
2148,620139.017,4201506.691,35.117,5.586,20
2149,620136.914,4201506.665,39.492,6.641,20
2150,620133.342,4201506.745,36.797,5.156,20
2151,620129.301,4201506.69,37.031,5.664,20
2152,620125.524,4201506.535,35.313,4.063,20
2153,620121.502,4201506.512,36.172,4.844,20
2154,620117.495,4201506.793,36.172,5.273,20
2155,620113.506,4201506.565,36.406,5.742,20
2156,620109.579,4201506.497,32.5,2.344,20
2157,620105.495,4201506.472,36.875,5.273,20
2158,620101.619,4201506.386,38.203,7.617,20
2159,620097.886,4201506.2,39.766,7.734,20
2160,620093.734,4201506.536,39.492,7.07,20
2161,620089.701,4201506.549,40.195,4.688,20
2162,620086.085,4201506.209,40.156,7.891,20
2163,620082.239,4201506.307,41.836,8.359,20
2164,620078.242,4201506.39,39.297,6.602,20
2165,620074.093,4201506.395,40.117,7.539,20
2166,620070.144,4201506.511,43.516,8.711,20
2167,620065.531,4201506.573,42.5,10.117,20
2168,620061.695,4201506.227,40.664,8.398,20
2169,620057.345,4201506.437,40.547,8.555,20
2170,620053.246,4201506.576,37.813,4.844,20
2171,620049.509,4201506.514,38.281,6.68,20
2172,620045.501,4201506.346,32.617,3.633,20
2173,620041.477,4201506.302,34.219,4.336,20
2174,620037.806,4201506.352,30.898,3.164,20
2175,620033.969,4201506.43,33.438,3.867,20
2176,620029.937,4201506.204,31.016,1.133,20
2177,620025.68,4201506.173,30.977,2.461,20
2178,620021.673,4201506.182,31.016,2.813,20
2179,620017.428,4201506.022,31.953,3.125,20
2180,620013.393,4201506.07,30.547,1.992,20
2181,620009.316,4201506.272,29.258,1.797,20
2182,620005.063,4201506.423,33.164,5.391,20
2183,620001.114,4201506.124,34.414,4.336,20
2184,619997.055,4201506.253,35.273,5.234,20
2185,619993.917,4201506.097,30.625,1.797,20
2186,619988.926,4201505.645,28.984,0.313,20
2187,619984.2,4201506.214,28.164,0.508,20
2188,619980.498,4201506.271,30.781,1.641,20
2189,619976.261,4201506.293,31.719,2.227,20
2190,619972.273,4201506.265,31.914,4.023,20
2191,619968.328,4201506.366,32.656,3.516,20
2192,619964.187,4201506.316,32.695,3.438,20
2193,619960.228,4201506.453,32.734,2.227,20
2194,619955.946,4201506.552,34.766,3.32,20
2195,619951.828,4201506.463,33.945,2.734,20
2196,619947.855,4201506.362,42.266,10,20
2197,619943.462,4201506.136,49.805,13.711,20
2198,619940.422,4201505.192,46.484,17.734,20
